date,Temperature
2015-02-15 00:00:00,0.16456086286594873
2015-02-15 00:01:00,0.16456086286594873
2015-02-15 00:02:00,0.18489984591679587
2015-02-15 00:03:00,0.18489984591679587
2015-02-15 00:04:00,0.18489984591679587
2015-02-15 00:04:59,0.17134052388290355
2015-02-15 00:06:00,0.18489984591679587
2015-02-15 00:07:00,0.17473035439137208
2015-02-15 00:08:00,0.18489984591679587
2015-02-15 00:08:59,0.17134052388290355
2015-02-15 00:10:00,0.18489984591679587
2015-02-15 00:10:59,0.16456086286594873
2015-02-15 00:11:59,0.1696456086286604
2015-02-15 00:13:00,0.18489984591679587
2015-02-15 00:14:00,0.17812018489984105
2015-02-15 00:15:00,0.18489984591679587
2015-02-15 00:16:00,0.18489984591679587
2015-02-15 00:16:59,0.18489984591679587
2015-02-15 00:17:59,0.18489984591679587
2015-02-15 00:19:00,0.18489984591679587
2015-02-15 00:20:00,0.18489984591679587
2015-02-15 00:21:00,0.18489984591679587
2015-02-15 00:22:00,0.18489984591679587
2015-02-15 00:23:00,0.18489984591679587
2015-02-15 00:23:59,0.18489984591679587
2015-02-15 00:24:59,0.18489984591679587
2015-02-15 00:26:00,0.17812018489984105
2015-02-15 00:27:00,0.17473035439137208
2015-02-15 00:28:00,0.18489984591679587
2015-02-15 00:29:00,0.18489984591679587
2015-02-15 00:29:59,0.18489984591679587
2015-02-15 00:30:59,0.18489984591679587
2015-02-15 00:32:00,0.18489984591679587
2015-02-15 00:33:00,0.18489984591679587
2015-02-15 00:34:00,0.17812018489984105
2015-02-15 00:35:00,0.17473035439137208
2015-02-15 00:36:00,0.18489984591679587
2015-02-15 00:36:59,0.18489984591679587
2015-02-15 00:38:00,0.18489984591679587
2015-02-15 00:39:00,0.18489984591679587
2015-02-15 00:40:00,0.18489984591679587
2015-02-15 00:40:59,0.17473035439137208
2015-02-15 00:42:00,0.17473035439137208
2015-02-15 00:42:59,0.18489984591679587
2015-02-15 00:43:59,0.18489984591679587
2015-02-15 00:45:00,0.16456086286594873
2015-02-15 00:46:00,0.16456086286594873
2015-02-15 00:47:00,0.16456086286594873
2015-02-15 00:48:00,0.16456086286594873
2015-02-15 00:49:00,0.17812018489984105
2015-02-15 00:49:59,0.16456086286594873
2015-02-15 00:51:00,0.17473035439137208
2015-02-15 00:52:00,0.17473035439137208
2015-02-15 00:53:00,0.18489984591679587
2015-02-15 00:53:59,0.16456086286594873
2015-02-15 00:55:00,0.16456086286594873
2015-02-15 00:55:59,0.16456086286594873
2015-02-15 00:56:59,0.16456086286594873
2015-02-15 00:58:00,0.16456086286594873
2015-02-15 00:59:00,0.16456086286594873
2015-02-15 01:00:00,0.16456086286594873
2015-02-15 01:01:00,0.16456086286594873
2015-02-15 01:01:59,0.16456086286594873
2015-02-15 01:02:59,0.16456086286594873
2015-02-15 01:04:00,0.16456086286594873
2015-02-15 01:05:00,0.1583975346687274
2015-02-15 01:06:00,0.16456086286594873
2015-02-15 01:07:00,0.16456086286594873
2015-02-15 01:08:00,0.16456086286594873
2015-02-15 01:08:59,0.16456086286594873
2015-02-15 01:09:59,0.16456086286594873
2015-02-15 01:11:00,0.16456086286594873
2015-02-15 01:12:00,0.16456086286594873
2015-02-15 01:13:00,0.16456086286594873
2015-02-15 01:14:00,0.16456086286594873
2015-02-15 01:14:59,0.16456086286594873
2015-02-15 01:15:59,0.17473035439137208
2015-02-15 01:17:00,0.18489984591679587
2015-02-15 01:18:00,0.18489984591679587
2015-02-15 01:19:00,0.17134052388290355
2015-02-15 01:20:00,0.18489984591679587
2015-02-15 01:21:00,0.18489984591679587
2015-02-15 01:21:59,0.18489984591679587
2015-02-15 01:23:00,0.17473035439137208
2015-02-15 01:24:00,0.18489984591679587
2015-02-15 01:25:00,0.18489984591679587
2015-02-15 01:25:59,0.18489984591679587
2015-02-15 01:27:00,0.18489984591679587
2015-02-15 01:27:59,0.18489984591679587
2015-02-15 01:28:59,0.18489984591679587
2015-02-15 01:30:00,0.18489984591679587
2015-02-15 01:31:00,0.18489984591679587
2015-02-15 01:32:00,0.18489984591679587
2015-02-15 01:33:00,0.18489984591679587
2015-02-15 01:34:00,0.18489984591679587
2015-02-15 01:34:59,0.17812018489984105
2015-02-15 01:36:00,0.18489984591679587
2015-02-15 01:37:00,0.18489984591679587
2015-02-15 01:38:00,0.18489984591679587
2015-02-15 01:38:59,0.18489984591679587
2015-02-15 01:40:00,0.18489984591679587
2015-02-15 01:40:59,0.18489984591679587
2015-02-15 01:41:59,0.18489984591679587
2015-02-15 01:43:00,0.18489984591679587
2015-02-15 01:44:00,0.18489984591679587
2015-02-15 01:45:00,0.18489984591679587
2015-02-15 01:46:00,0.18489984591679587
2015-02-15 01:46:59,0.18489984591679587
2015-02-15 01:47:59,0.18489984591679587
2015-02-15 01:49:00,0.18489984591679587
2015-02-15 01:50:00,0.18489984591679587
2015-02-15 01:51:00,0.18489984591679587
2015-02-15 01:52:00,0.18489984591679587
2015-02-15 01:53:00,0.18489984591679587
2015-02-15 01:53:59,0.18489984591679587
2015-02-15 01:54:59,0.18489984591679587
2015-02-15 01:56:00,0.18489984591679587
2015-02-15 01:57:00,0.18489984591679587
2015-02-15 01:58:00,0.18489984591679587
2015-02-15 01:59:00,0.18489984591679587
2015-02-15 01:59:59,0.18489984591679587
2015-02-15 02:00:59,0.18489984591679587
2015-02-15 02:02:00,0.18489984591679587
2015-02-15 02:03:00,0.16456086286594873
2015-02-15 02:04:00,0.17473035439137208
2015-02-15 02:05:00,0.16456086286594873
2015-02-15 02:06:00,0.17812018489984105
2015-02-15 02:06:59,0.16456086286594873
2015-02-15 02:08:00,0.17473035439137208
2015-02-15 02:09:00,0.17134052388290355
2015-02-15 02:10:00,0.16456086286594873
2015-02-15 02:10:59,0.16456086286594873
2015-02-15 02:12:00,0.16456086286594873
2015-02-15 02:12:59,0.16456086286594873
2015-02-15 02:13:59,0.16456086286594873
2015-02-15 02:15:00,0.17473035439137208
2015-02-15 02:16:00,0.17134052388290355
2015-02-15 02:17:00,0.16456086286594873
2015-02-15 02:18:00,0.16456086286594873
2015-02-15 02:19:00,0.18489984591679587
2015-02-15 02:19:59,0.18489984591679587
2015-02-15 02:21:00,0.18489984591679587
2015-02-15 02:22:00,0.17812018489984105
2015-02-15 02:23:00,0.18489984591679587
2015-02-15 02:23:59,0.18489984591679587
2015-02-15 02:25:00,0.18489984591679587
2015-02-15 02:25:59,0.18489984591679587
2015-02-15 02:26:59,0.18489984591679587
2015-02-15 02:28:00,0.18489984591679587
2015-02-15 02:29:00,0.18489984591679587
2015-02-15 02:30:00,0.18489984591679587
2015-02-15 02:31:00,0.18489984591679587
2015-02-15 02:31:59,0.18489984591679587
2015-02-15 02:32:59,0.18489984591679587
2015-02-15 02:34:00,0.18489984591679587
2015-02-15 02:35:00,0.18489984591679587
2015-02-15 02:36:00,0.18489984591679587
2015-02-15 02:37:00,0.18489984591679587
2015-02-15 02:38:00,0.18489984591679587
2015-02-15 02:38:59,0.18489984591679587
2015-02-15 02:39:59,0.18489984591679587
2015-02-15 02:41:00,0.18489984591679587
2015-02-15 02:42:00,0.18489984591679587
2015-02-15 02:43:00,0.18489984591679587
2015-02-15 02:44:00,0.18489984591679587
2015-02-15 02:44:59,0.18489984591679587
2015-02-15 02:45:59,0.19414483821263584
2015-02-15 02:47:00,0.18489984591679587
2015-02-15 02:48:00,0.19106317411401674
2015-02-15 02:49:00,0.18489984591679587
2015-02-15 02:50:00,0.18489984591679587
2015-02-15 02:51:00,0.19414483821263584
2015-02-15 02:51:59,0.19414483821263584
2015-02-15 02:53:00,0.18489984591679587
2015-02-15 02:54:00,0.2033898305084758
2015-02-15 02:55:00,0.2033898305084758
2015-02-15 02:55:59,0.2033898305084758
2015-02-15 02:57:00,0.19414483821263584
2015-02-15 02:57:59,0.19414483821263584
2015-02-15 02:58:59,0.19722650231125494
2015-02-15 03:00:00,0.18489984591679587
2015-02-15 03:01:00,0.18489984591679587
2015-02-15 03:02:00,0.19722650231125494
2015-02-15 03:03:00,0.19722650231125494
2015-02-15 03:04:00,0.19106317411401674
2015-02-15 03:04:59,0.2033898305084758
2015-02-15 03:06:00,0.18489984591679587
2015-02-15 03:07:00,0.2033898305084758
2015-02-15 03:08:00,0.19722650231125494
2015-02-15 03:08:59,0.18489984591679587
2015-02-15 03:10:00,0.2033898305084758
2015-02-15 03:10:59,0.2033898305084758
2015-02-15 03:11:59,0.19414483821263584
2015-02-15 03:13:00,0.18489984591679587
2015-02-15 03:14:00,0.18489984591679587
2015-02-15 03:15:00,0.18489984591679587
2015-02-15 03:16:00,0.18489984591679587
2015-02-15 03:16:59,0.2033898305084758
2015-02-15 03:17:59,0.2033898305084758
2015-02-15 03:19:00,0.19414483821263584
2015-02-15 03:20:00,0.2033898305084758
2015-02-15 03:21:00,0.2033898305084758
2015-02-15 03:22:00,0.19722650231125494
2015-02-15 03:23:00,0.19722650231125494
2015-02-15 03:23:59,0.2033898305084758
2015-02-15 03:24:59,0.2033898305084758
2015-02-15 03:26:00,0.2033898305084758
2015-02-15 03:27:00,0.2033898305084758
2015-02-15 03:28:00,0.19876733436055535
2015-02-15 03:29:00,0.2033898305084758
2015-02-15 03:29:59,0.2033898305084758
2015-02-15 03:30:59,0.2033898305084758
2015-02-15 03:32:00,0.19722650231125494
2015-02-15 03:33:00,0.2033898305084758
2015-02-15 03:34:00,0.2033898305084758
2015-02-15 03:35:00,0.2033898305084758
2015-02-15 03:36:00,0.19414483821263584
2015-02-15 03:36:59,0.2033898305084758
2015-02-15 03:38:00,0.2033898305084758
2015-02-15 03:39:00,0.19414483821263584
2015-02-15 03:40:00,0.2033898305084758
2015-02-15 03:40:59,0.2033898305084758
2015-02-15 03:42:00,0.2033898305084758
2015-02-15 03:42:59,0.2033898305084758
2015-02-15 03:43:59,0.19414483821263584
2015-02-15 03:45:00,0.2033898305084758
2015-02-15 03:46:00,0.2033898305084758
2015-02-15 03:47:00,0.2033898305084758
2015-02-15 03:48:00,0.2033898305084758
2015-02-15 03:49:00,0.2033898305084758
2015-02-15 03:49:59,0.2033898305084758
2015-02-15 03:51:00,0.2033898305084758
2015-02-15 03:52:00,0.2033898305084758
2015-02-15 03:53:00,0.2033898305084758
2015-02-15 03:53:59,0.2033898305084758
2015-02-15 03:55:00,0.2033898305084758
2015-02-15 03:55:59,0.2033898305084758
2015-02-15 03:56:59,0.2033898305084758
2015-02-15 03:58:00,0.2033898305084758
2015-02-15 03:59:00,0.2033898305084758
2015-02-15 04:00:00,0.2033898305084758
2015-02-15 04:01:00,0.2033898305084758
2015-02-15 04:01:59,0.2033898305084758
2015-02-15 04:02:59,0.2033898305084758
2015-02-15 04:04:00,0.2033898305084758
2015-02-15 04:05:00,0.2033898305084758
2015-02-15 04:06:00,0.2033898305084758
2015-02-15 04:07:00,0.2033898305084758
2015-02-15 04:08:00,0.2033898305084758
2015-02-15 04:08:59,0.2033898305084758
2015-02-15 04:09:59,0.2033898305084758
2015-02-15 04:11:00,0.2033898305084758
2015-02-15 04:12:00,0.2033898305084758
2015-02-15 04:13:00,0.2033898305084758
2015-02-15 04:14:00,0.2033898305084758
2015-02-15 04:14:59,0.2033898305084758
2015-02-15 04:15:59,0.2033898305084758
2015-02-15 04:17:00,0.2033898305084758
2015-02-15 04:18:00,0.2033898305084758
2015-02-15 04:19:00,0.2033898305084758
2015-02-15 04:20:00,0.2033898305084758
2015-02-15 04:21:00,0.2033898305084758
2015-02-15 04:21:59,0.20801232665639532
2015-02-15 04:23:00,0.2033898305084758
2015-02-15 04:24:00,0.2033898305084758
2015-02-15 04:25:00,0.2033898305084758
2015-02-15 04:25:59,0.2033898305084758
2015-02-15 04:27:00,0.21263482280431534
2015-02-15 04:27:59,0.2033898305084758
2015-02-15 04:28:59,0.2033898305084758
2015-02-15 04:30:00,0.21263482280431534
2015-02-15 04:31:00,0.2033898305084758
2015-02-15 04:32:00,0.2033898305084758
2015-02-15 04:33:00,0.2033898305084758
2015-02-15 04:34:00,0.2033898305084758
2015-02-15 04:34:59,0.2033898305084758
2015-02-15 04:36:00,0.2033898305084758
2015-02-15 04:37:00,0.2033898305084758
2015-02-15 04:38:00,0.2033898305084758
2015-02-15 04:38:59,0.2033898305084758
2015-02-15 04:40:00,0.2033898305084758
2015-02-15 04:40:59,0.2033898305084758
2015-02-15 04:41:59,0.2033898305084758
2015-02-15 04:43:00,0.2033898305084758
2015-02-15 04:44:00,0.2033898305084758
2015-02-15 04:45:00,0.2033898305084758
2015-02-15 04:46:00,0.2033898305084758
2015-02-15 04:46:59,0.2033898305084758
2015-02-15 04:47:59,0.2033898305084758
2015-02-15 04:49:00,0.2033898305084758
2015-02-15 04:50:00,0.2033898305084758
2015-02-15 04:51:00,0.2033898305084758
2015-02-15 04:52:00,0.2033898305084758
2015-02-15 04:53:00,0.22187981510015486
2015-02-15 04:53:59,0.2033898305084758
2015-02-15 04:54:59,0.2033898305084758
2015-02-15 04:56:00,0.20801232665639532
2015-02-15 04:57:00,0.2033898305084758
2015-02-15 04:58:00,0.20801232665639532
2015-02-15 04:59:00,0.2033898305084758
2015-02-15 04:59:59,0.2033898305084758
2015-02-15 05:00:59,0.2033898305084758
2015-02-15 05:02:00,0.2033898305084758
2015-02-15 05:03:00,0.2033898305084758
2015-02-15 05:04:00,0.2033898305084758
2015-02-15 05:05:00,0.2033898305084758
2015-02-15 05:06:00,0.2033898305084758
2015-02-15 05:06:59,0.2033898305084758
2015-02-15 05:08:00,0.2033898305084758
2015-02-15 05:09:00,0.2033898305084758
2015-02-15 05:10:00,0.20955315870569624
2015-02-15 05:10:59,0.2033898305084758
2015-02-15 05:12:00,0.2033898305084758
2015-02-15 05:12:59,0.2033898305084758
2015-02-15 05:13:59,0.2033898305084758
2015-02-15 05:15:00,0.2033898305084758
2015-02-15 05:16:00,0.2033898305084758
2015-02-15 05:17:00,0.2033898305084758
2015-02-15 05:18:00,0.2033898305084758
2015-02-15 05:19:00,0.21263482280431534
2015-02-15 05:19:59,0.2033898305084758
2015-02-15 05:21:00,0.2033898305084758
2015-02-15 05:22:00,0.20955315870569624
2015-02-15 05:23:00,0.2033898305084758
2015-02-15 05:23:59,0.2033898305084758
2015-02-15 05:25:00,0.2033898305084758
2015-02-15 05:25:59,0.21263482280431534
2015-02-15 05:26:59,0.2033898305084758
2015-02-15 05:28:00,0.2033898305084758
2015-02-15 05:29:00,0.2033898305084758
2015-02-15 05:30:00,0.2033898305084758
2015-02-15 05:31:00,0.2033898305084758
2015-02-15 05:31:59,0.2033898305084758
2015-02-15 05:32:59,0.2033898305084758
2015-02-15 05:34:00,0.2033898305084758
2015-02-15 05:35:00,0.2033898305084758
2015-02-15 05:36:00,0.20955315870569624
2015-02-15 05:37:00,0.2033898305084758
2015-02-15 05:38:00,0.2033898305084758
2015-02-15 05:38:59,0.2033898305084758
2015-02-15 05:39:59,0.2033898305084758
2015-02-15 05:41:00,0.2033898305084758
2015-02-15 05:42:00,0.2033898305084758
2015-02-15 05:43:00,0.21263482280431534
2015-02-15 05:44:00,0.2033898305084758
2015-02-15 05:44:59,0.2033898305084758
2015-02-15 05:45:59,0.2033898305084758
2015-02-15 05:47:00,0.2033898305084758
2015-02-15 05:48:00,0.2033898305084758
2015-02-15 05:49:00,0.2033898305084758
2015-02-15 05:50:00,0.2033898305084758
2015-02-15 05:51:00,0.2033898305084758
2015-02-15 05:51:59,0.21263482280431534
2015-02-15 05:53:00,0.2033898305084758
2015-02-15 05:54:00,0.2033898305084758
2015-02-15 05:55:00,0.2033898305084758
2015-02-15 05:55:59,0.2033898305084758
2015-02-15 05:57:00,0.2033898305084758
2015-02-15 05:57:59,0.2033898305084758
2015-02-15 05:58:59,0.2033898305084758
2015-02-15 06:00:00,0.2033898305084758
2015-02-15 06:01:00,0.2033898305084758
2015-02-15 06:02:00,0.2033898305084758
2015-02-15 06:03:00,0.2033898305084758
2015-02-15 06:04:00,0.2033898305084758
2015-02-15 06:04:59,0.2033898305084758
2015-02-15 06:06:00,0.2033898305084758
2015-02-15 06:07:00,0.19414483821263584
2015-02-15 06:08:00,0.2033898305084758
2015-02-15 06:08:59,0.2033898305084758
2015-02-15 06:10:00,0.2033898305084758
2015-02-15 06:10:59,0.2033898305084758
2015-02-15 06:11:59,0.19414483821263584
2015-02-15 06:13:00,0.19414483821263584
2015-02-15 06:14:00,0.2033898305084758
2015-02-15 06:15:00,0.19414483821263584
2015-02-15 06:16:00,0.19722650231125494
2015-02-15 06:16:59,0.18489984591679587
2015-02-15 06:17:59,0.18489984591679587
2015-02-15 06:19:00,0.18489984591679587
2015-02-15 06:20:00,0.18489984591679587
2015-02-15 06:21:00,0.19414483821263584
2015-02-15 06:22:00,0.18489984591679587
2015-02-15 06:23:00,0.18489984591679587
2015-02-15 06:23:59,0.18489984591679587
2015-02-15 06:24:59,0.18489984591679587
2015-02-15 06:26:00,0.18489984591679587
2015-02-15 06:27:00,0.18489984591679587
2015-02-15 06:28:00,0.18489984591679587
2015-02-15 06:29:00,0.18489984591679587
2015-02-15 06:29:59,0.18489984591679587
2015-02-15 06:30:59,0.18489984591679587
2015-02-15 06:32:00,0.18489984591679587
2015-02-15 06:33:00,0.18489984591679587
2015-02-15 06:34:00,0.18489984591679587
2015-02-15 06:35:00,0.18489984591679587
2015-02-15 06:36:00,0.18489984591679587
2015-02-15 06:36:59,0.18489984591679587
2015-02-15 06:38:00,0.18489984591679587
2015-02-15 06:39:00,0.18489984591679587
2015-02-15 06:40:00,0.18489984591679587
2015-02-15 06:40:59,0.18489984591679587
2015-02-15 06:42:00,0.18489984591679587
2015-02-15 06:42:59,0.18489984591679587
2015-02-15 06:43:59,0.18489984591679587
2015-02-15 06:45:00,0.18489984591679587
2015-02-15 06:46:00,0.18489984591679587
2015-02-15 06:47:00,0.18489984591679587
2015-02-15 06:48:00,0.18489984591679587
2015-02-15 06:49:00,0.18489984591679587
2015-02-15 06:49:59,0.17473035439137208
2015-02-15 06:51:00,0.18489984591679587
2015-02-15 06:52:00,0.18489984591679587
2015-02-15 06:53:00,0.18489984591679587
2015-02-15 06:53:59,0.18489984591679587
2015-02-15 06:55:00,0.18489984591679587
2015-02-15 06:55:59,0.18489984591679587
2015-02-15 06:56:59,0.18489984591679587
2015-02-15 06:58:00,0.18489984591679587
2015-02-15 06:59:00,0.18489984591679587
2015-02-15 07:00:00,0.18489984591679587
2015-02-15 07:01:00,0.18489984591679587
2015-02-15 07:01:59,0.18489984591679587
2015-02-15 07:02:59,0.18489984591679587
2015-02-15 07:04:00,0.18489984591679587
2015-02-15 07:05:00,0.18489984591679587
2015-02-15 07:06:00,0.18489984591679587
2015-02-15 07:07:00,0.18489984591679587
2015-02-15 07:08:00,0.18489984591679587
2015-02-15 07:08:59,0.18489984591679587
2015-02-15 07:09:59,0.18489984591679587
2015-02-15 07:11:00,0.18489984591679587
2015-02-15 07:12:00,0.18489984591679587
2015-02-15 07:13:00,0.18489984591679587
2015-02-15 07:14:00,0.18489984591679587
2015-02-15 07:14:59,0.18489984591679587
2015-02-15 07:15:59,0.18489984591679587
2015-02-15 07:17:00,0.18489984591679587
2015-02-15 07:18:00,0.18489984591679587
2015-02-15 07:19:00,0.18489984591679587
2015-02-15 07:20:00,0.19106317411401674
2015-02-15 07:21:00,0.2033898305084758
2015-02-15 07:21:59,0.18489984591679587
2015-02-15 07:23:00,0.18489984591679587
2015-02-15 07:24:00,0.18489984591679587
2015-02-15 07:25:00,0.18489984591679587
2015-02-15 07:25:59,0.18489984591679587
2015-02-15 07:27:00,0.18489984591679587
2015-02-15 07:27:59,0.18489984591679587
2015-02-15 07:28:59,0.19106317411401674
2015-02-15 07:30:00,0.18489984591679587
2015-02-15 07:31:00,0.18489984591679587
2015-02-15 07:32:00,0.19414483821263584
2015-02-15 07:33:00,0.19414483821263584
2015-02-15 07:34:00,0.2033898305084758
2015-02-15 07:34:59,0.18489984591679587
2015-02-15 07:36:00,0.18489984591679587
2015-02-15 07:37:00,0.19414483821263584
2015-02-15 07:38:00,0.18489984591679587
2015-02-15 07:38:59,0.2033898305084758
2015-02-15 07:40:00,0.2033898305084758
2015-02-15 07:40:59,0.2033898305084758
2015-02-15 07:41:59,0.2033898305084758
2015-02-15 07:43:00,0.2033898305084758
2015-02-15 07:44:00,0.19414483821263584
2015-02-15 07:45:00,0.2033898305084758
2015-02-15 07:46:00,0.2033898305084758
2015-02-15 07:46:59,0.2033898305084758
2015-02-15 07:47:59,0.2033898305084758
2015-02-15 07:49:00,0.2033898305084758
2015-02-15 07:50:00,0.2033898305084758
2015-02-15 07:51:00,0.2033898305084758
2015-02-15 07:52:00,0.2033898305084758
2015-02-15 07:53:00,0.18489984591679587
2015-02-15 07:53:59,0.18489984591679587
2015-02-15 07:54:59,0.18489984591679587
2015-02-15 07:56:00,0.18489984591679587
2015-02-15 07:57:00,0.19414483821263584
2015-02-15 07:58:00,0.19106317411401674
2015-02-15 07:59:00,0.2033898305084758
2015-02-15 07:59:59,0.2033898305084758
2015-02-15 08:00:59,0.19722650231125494
2015-02-15 08:02:00,0.2033898305084758
2015-02-15 08:03:00,0.19722650231125494
2015-02-15 08:04:00,0.19414483821263584
2015-02-15 08:05:00,0.2033898305084758
2015-02-15 08:06:00,0.2033898305084758
2015-02-15 08:06:59,0.2033898305084758
2015-02-15 08:08:00,0.2033898305084758
2015-02-15 08:09:00,0.2033898305084758
2015-02-15 08:10:00,0.2033898305084758
2015-02-15 08:10:59,0.2033898305084758
2015-02-15 08:12:00,0.2033898305084758
2015-02-15 08:12:59,0.2033898305084758
2015-02-15 08:13:59,0.19414483821263584
2015-02-15 08:15:00,0.2033898305084758
2015-02-15 08:16:00,0.2033898305084758
2015-02-15 08:17:00,0.21263482280431534
2015-02-15 08:18:00,0.2033898305084758
2015-02-15 08:19:00,0.2033898305084758
2015-02-15 08:19:59,0.2033898305084758
2015-02-15 08:21:00,0.2033898305084758
2015-02-15 08:22:00,0.20801232665639532
2015-02-15 08:23:00,0.2033898305084758
2015-02-15 08:23:59,0.20801232665639532
2015-02-15 08:25:00,0.2033898305084758
2015-02-15 08:25:59,0.21263482280431534
2015-02-15 08:26:59,0.2033898305084758
2015-02-15 08:28:00,0.21725731895223527
2015-02-15 08:29:00,0.22187981510015486
2015-02-15 08:30:00,0.22187981510015486
2015-02-15 08:31:00,0.22187981510015486
2015-02-15 08:31:59,0.22187981510015486
2015-02-15 08:32:59,0.22187981510015486
2015-02-15 08:34:00,0.22187981510015486
2015-02-15 08:35:00,0.22187981510015486
2015-02-15 08:36:00,0.22187981510015486
2015-02-15 08:37:00,0.22187981510015486
2015-02-15 08:38:00,0.22187981510015486
2015-02-15 08:38:59,0.22187981510015486
2015-02-15 08:39:59,0.22187981510015486
2015-02-15 08:41:00,0.22187981510015486
2015-02-15 08:42:00,0.22187981510015486
2015-02-15 08:43:00,0.2260400616332832
2015-02-15 08:44:00,0.2260400616332832
2015-02-15 08:44:59,0.23436055469953845
2015-02-15 08:45:59,0.23436055469953845
2015-02-15 08:47:00,0.23297380585516336
2015-02-15 08:48:00,0.2385208012326667
2015-02-15 08:49:00,0.2446841294298876
2015-02-15 08:50:00,0.25238828967642624
2015-02-15 08:51:00,0.2570107858243467
2015-02-15 08:51:59,0.25238828967642624
2015-02-15 08:53:00,0.2570107858243467
2015-02-15 08:54:00,0.2570107858243467
2015-02-15 08:55:00,0.270570107858239
2015-02-15 08:55:59,0.2637904468413015
2015-02-15 08:57:00,0.27734976887519425
2015-02-15 08:57:59,0.27734976887519425
2015-02-15 08:58:59,0.2865947611710338
2015-02-15 09:00:00,0.2835130970724151
2015-02-15 09:01:00,0.2958397534668737
2015-02-15 09:02:00,0.2958397534668737
2015-02-15 09:03:00,0.3097072419106337
2015-02-15 09:04:00,0.3097072419106337
2015-02-15 09:04:59,0.3097072419106337
2015-02-15 09:06:00,0.31432973805855324
2015-02-15 09:07:00,0.3268104776579368
2015-02-15 09:08:00,0.33097072419106466
2015-02-15 09:08:59,0.3268104776579368
2015-02-15 09:10:00,0.33097072419106466
2015-02-15 09:10:59,0.33097072419106466
2015-02-15 09:11:59,0.33097072419106466
2015-02-15 09:13:00,0.33097072419106466
2015-02-15 09:14:00,0.34021571648690463
2015-02-15 09:15:00,0.33713405238828553
2015-02-15 09:16:00,0.34021571648690463
2015-02-15 09:16:59,0.33713405238828553
2015-02-15 09:17:59,0.34021571648690463
2015-02-15 09:19:00,0.3494607087827446
2015-02-15 09:20:00,0.3494607087827446
2015-02-15 09:21:00,0.3697996918335922
2015-02-15 09:22:00,0.3647149460708801
2015-02-15 09:23:00,0.3697996918335922
2015-02-15 09:23:59,0.3734976887519279
2015-02-15 09:24:59,0.3821263482280513
2015-02-15 09:26:00,0.3882896764252721
2015-02-15 09:27:00,0.3882896764252721
2015-02-15 09:28:00,0.4067796610169512
2015-02-15 09:29:00,0.4109399075500795
2015-02-15 09:29:59,0.4123266563944554
2015-02-15 09:30:59,0.42342064714946304
2015-02-15 09:32:00,0.42342064714946304
2015-02-15 09:33:00,0.4419106317411425
2015-02-15 09:34:00,0.4357473035439217
2015-02-15 09:35:00,0.4419106317411425
2015-02-15 09:36:00,0.4419106317411425
2015-02-15 09:36:59,0.4520801232665663
2015-02-15 09:38:00,0.4419106317411425
2015-02-15 09:39:00,0.4622496147919901
2015-02-15 09:40:00,0.4554699537750353
2015-02-15 09:40:59,0.4622496147919901
2015-02-15 09:42:00,0.4622496147919901
2015-02-15 09:42:59,0.468412942989211
2015-02-15 09:43:59,0.4622496147919901
2015-02-15 09:45:00,0.4733436055469977
2015-02-15 09:46:00,0.4745762711864492
2015-02-15 09:47:00,0.4807395993836701
2015-02-15 09:48:00,0.4807395993836701
2015-02-15 09:49:00,0.4807395993836701
2015-02-15 09:49:59,0.4807395993836701
2015-02-15 09:51:00,0.4807395993836701
2015-02-15 09:52:00,0.4869029275808905
2015-02-15 09:53:00,0.4946070878274296
2015-02-15 09:53:59,0.4992295839753491
2015-02-15 09:55:00,0.5075500770416057
2015-02-15 09:55:59,0.5158705701078605
2015-02-15 09:56:59,0.5158705701078605
2015-02-15 09:58:00,0.520493066255781
2015-02-15 09:59:00,0.5343605546995405
2015-02-15 10:00:00,0.5343605546995405
2015-02-15 10:01:00,0.5343605546995405
2015-02-15 10:01:59,0.5343605546995405
2015-02-15 10:02:59,0.5343605546995405
2015-02-15 10:04:00,0.5343605546995405
2015-02-15 10:05:00,0.5343605546995405
2015-02-15 10:06:00,0.5343605546995405
2015-02-15 10:07:00,0.5343605546995405
2015-02-15 10:08:00,0.5343605546995405
2015-02-15 10:08:59,0.5251155624037005
2015-02-15 10:09:59,0.52973805855162
2015-02-15 10:11:00,0.5220338983050818
2015-02-15 10:12:00,0.5343605546995405
2015-02-15 10:13:00,0.5158705701078605
2015-02-15 10:14:00,0.5158705701078605
2015-02-15 10:14:59,0.5158705701078605
2015-02-15 10:15:59,0.5158705701078605
2015-02-15 10:17:00,0.5343605546995405
2015-02-15 10:18:00,0.5158705701078605
2015-02-15 10:19:00,0.5158705701078605
2015-02-15 10:20:00,0.5251155624037005
2015-02-15 10:21:00,0.5220338983050818
2015-02-15 10:21:59,0.5343605546995405
2015-02-15 10:23:00,0.5343605546995405
2015-02-15 10:24:00,0.5343605546995405
2015-02-15 10:25:00,0.5479198767334332
2015-02-15 10:25:59,0.5546995377503879
2015-02-15 10:27:00,0.5685670261941476
2015-02-15 10:27:59,0.573189522342068
2015-02-15 10:28:59,0.573189522342068
2015-02-15 10:30:00,0.573189522342068
2015-02-15 10:31:00,0.573189522342068
2015-02-15 10:32:00,0.563944530046228
2015-02-15 10:33:00,0.5546995377503879
2015-02-15 10:34:00,0.5593220338983076
2015-02-15 10:34:59,0.5546995377503879
2015-02-15 10:36:00,0.5546995377503879
2015-02-15 10:37:00,0.5546995377503879
2015-02-15 10:38:00,0.5546995377503879
2015-02-15 10:38:59,0.5546995377503879
2015-02-15 10:40:00,0.5546995377503879
2015-02-15 10:40:59,0.5546995377503879
2015-02-15 10:41:59,0.5546995377503879
2015-02-15 10:43:00,0.5546995377503879
2015-02-15 10:44:00,0.5394453004622526
2015-02-15 10:45:00,0.5343605546995405
2015-02-15 10:46:00,0.5343605546995405
2015-02-15 10:46:59,0.5343605546995405
2015-02-15 10:47:59,0.5343605546995405
2015-02-15 10:49:00,0.5343605546995405
2015-02-15 10:50:00,0.520493066255781
2015-02-15 10:51:00,0.5158705701078605
2015-02-15 10:52:00,0.5158705701078605
2015-02-15 10:53:00,0.5047765793528529
2015-02-15 10:53:59,0.4992295839753491
2015-02-15 10:54:59,0.4992295839753491
2015-02-15 10:56:00,0.4992295839753491
2015-02-15 10:57:00,0.4992295839753491
2015-02-15 10:58:00,0.4930662557781287
2015-02-15 10:59:00,0.4992295839753491
2015-02-15 10:59:59,0.4807395993836701
2015-02-15 11:00:59,0.4853620955315896
2015-02-15 11:02:00,0.4992295839753491
2015-02-15 11:03:00,0.4992295839753491
2015-02-15 11:04:00,0.4992295839753491
2015-02-15 11:05:00,0.4992295839753491
2015-02-15 11:06:00,0.5158705701078605
2015-02-15 11:06:59,0.52819722650232
2015-02-15 11:08:00,0.5343605546995405
2015-02-15 11:09:00,0.5343605546995405
2015-02-15 11:10:00,0.5394453004622526
2015-02-15 11:10:59,0.5394453004622526
2015-02-15 11:12:00,0.5479198767334332
2015-02-15 11:12:59,0.5496147919876759
2015-02-15 11:13:59,0.5546995377503879
2015-02-15 11:15:00,0.5593220338983076
2015-02-15 11:16:00,0.573189522342068
2015-02-15 11:17:00,0.5685670261941476
2015-02-15 11:18:00,0.573189522342068
2015-02-15 11:19:00,0.573189522342068
2015-02-15 11:19:59,0.5778120184899875
2015-02-15 11:21:00,0.5870570107858275
2015-02-15 11:22:00,0.591679506933747
2015-02-15 11:23:00,0.6041602465331306
2015-02-15 11:23:59,0.6083204930662593
2015-02-15 11:25:00,0.6129429892141789
2015-02-15 11:25:59,0.6206471494607181
2015-02-15 11:26:59,0.6268104776579384
2015-02-15 11:28:00,0.6268104776579384
2015-02-15 11:29:00,0.6268104776579384
2015-02-15 11:30:00,0.6268104776579384
2015-02-15 11:31:00,0.647149460708786
2015-02-15 11:31:59,0.6420647149460748
2015-02-15 11:32:59,0.647149460708786
2015-02-15 11:34:00,0.647149460708786
2015-02-15 11:35:00,0.647149460708786
2015-02-15 11:36:00,0.6533127889060073
2015-02-15 11:37:00,0.6610169491525455
2015-02-15 11:38:00,0.6656394453004659
2015-02-15 11:38:59,0.6656394453004659
2015-02-15 11:39:59,0.6702619414483855
2015-02-15 11:41:00,0.684129429892145
2015-02-15 11:42:00,0.6718027734976864
2015-02-15 11:43:00,0.674884437596305
2015-02-15 11:44:00,0.6656394453004659
2015-02-15 11:44:59,0.6656394453004659
2015-02-15 11:45:59,0.6656394453004659
2015-02-15 11:47:00,0.6656394453004659
2015-02-15 11:48:00,0.6656394453004659
2015-02-15 11:49:00,0.6656394453004659
2015-02-15 11:50:00,0.6656394453004659
2015-02-15 11:51:00,0.6656394453004659
2015-02-15 11:51:59,0.6656394453004659
2015-02-15 11:53:00,0.6656394453004659
2015-02-15 11:54:00,0.6656394453004659
2015-02-15 11:55:00,0.6656394453004659
2015-02-15 11:55:59,0.6656394453004659
2015-02-15 11:57:00,0.6656394453004659
2015-02-15 11:57:59,0.6656394453004659
2015-02-15 11:58:59,0.6610169491525455
2015-02-15 12:00:00,0.6656394453004659
2015-02-15 12:01:00,0.6594761171032455
2015-02-15 12:02:00,0.6656394453004659
2015-02-15 12:03:00,0.6656394453004659
2015-02-15 12:04:00,0.6610169491525455
2015-02-15 12:04:59,0.6656394453004659
2015-02-15 12:06:00,0.6656394453004659
2015-02-15 12:07:00,0.6656394453004659
2015-02-15 12:08:00,0.6656394453004659
2015-02-15 12:08:59,0.6656394453004659
2015-02-15 12:10:00,0.6656394453004659
2015-02-15 12:10:59,0.6656394453004659
2015-02-15 12:11:59,0.6795069337442254
2015-02-15 12:13:00,0.6779661016949254
2015-02-15 12:14:00,0.684129429892145
2015-02-15 12:15:00,0.6882896764252737
2015-02-15 12:16:00,0.6882896764252737
2015-02-15 12:16:59,0.6966101694915285
2015-02-15 12:17:59,0.7007704160246573
2015-02-15 12:19:00,0.6952234206471535
2015-02-15 12:20:00,0.6966101694915285
2015-02-15 12:21:00,0.6952234206471535
2015-02-15 12:22:00,0.7007704160246573
2015-02-15 12:23:00,0.7007704160246573
2015-02-15 12:23:59,0.7069337442218777
2015-02-15 12:24:59,0.7100154083204973
2015-02-15 12:26:00,0.7069337442218777
2015-02-15 12:27:00,0.7192604006163372
2015-02-15 12:28:00,0.7192604006163372
2015-02-15 12:29:00,0.7192604006163372
2015-02-15 12:29:59,0.7192604006163372
2015-02-15 12:30:59,0.7294298921417606
2015-02-15 12:32:00,0.7395993836671839
2015-02-15 12:33:00,0.7395993836671839
2015-02-15 12:34:00,0.7395993836671839
2015-02-15 12:35:00,0.7395993836671839
2015-02-15 12:36:00,0.7395993836671839
2015-02-15 12:36:59,0.7432973805855201
2015-02-15 12:38:00,0.7395993836671839
2015-02-15 12:39:00,0.7395993836671839
2015-02-15 12:40:00,0.7457627118644052
2015-02-15 12:40:59,0.7580893682588639
2015-02-15 12:42:00,0.7580893682588639
2015-02-15 12:42:59,0.7580893682588639
2015-02-15 12:43:59,0.7642526964560843
2015-02-15 12:45:00,0.7719568567026234
2015-02-15 12:46:00,0.7765793528505438
2015-02-15 12:47:00,0.7765793528505438
2015-02-15 12:48:00,0.7765793528505438
2015-02-15 12:49:00,0.7765793528505438
2015-02-15 12:49:59,0.7848998459167995
2015-02-15 12:51:00,0.7932203389830552
2015-02-15 12:52:00,0.7765793528505438
2015-02-15 12:53:00,0.7704160246533234
2015-02-15 12:53:59,0.7627118644067843
2015-02-15 12:55:00,0.7580893682588639
2015-02-15 12:55:59,0.7580893682588639
2015-02-15 12:56:59,0.7519260400616434
2015-02-15 12:58:00,0.7395993836671839
2015-02-15 12:59:00,0.7395993836671839
2015-02-15 13:00:00,0.7395993836671839
2015-02-15 13:01:00,0.7345146379044727
2015-02-15 13:01:59,0.7345146379044727
2015-02-15 13:02:59,0.7192604006163372
2015-02-15 13:04:00,0.7192604006163372
2015-02-15 13:05:00,0.7192604006163372
2015-02-15 13:06:00,0.7192604006163372
2015-02-15 13:07:00,0.7130970724191159
2015-02-15 13:08:00,0.7007704160246573
2015-02-15 13:08:59,0.7007704160246573
2015-02-15 13:09:59,0.7007704160246573
2015-02-15 13:11:00,0.6952234206471535
2015-02-15 13:12:00,0.6896764252696497
2015-02-15 13:13:00,0.684129429892145
2015-02-15 13:14:00,0.684129429892145
2015-02-15 13:14:59,0.6795069337442254
2015-02-15 13:15:59,0.6702619414483855
2015-02-15 13:17:00,0.6656394453004659
2015-02-15 13:18:00,0.6656394453004659
2015-02-15 13:19:00,0.6656394453004659
2015-02-15 13:20:00,0.6656394453004659
2015-02-15 13:21:00,0.6610169491525455
2015-02-15 13:21:59,0.6517719568567055
2015-02-15 13:23:00,0.647149460708786
2015-02-15 13:24:00,0.647149460708786
2015-02-15 13:25:00,0.647149460708786
2015-02-15 13:25:59,0.647149460708786
2015-02-15 13:27:00,0.6420647149460748
2015-02-15 13:27:59,0.6369799691833626
2015-02-15 13:28:59,0.6318952234206505
2015-02-15 13:30:00,0.6335901386748932
2015-02-15 13:31:00,0.6268104776579384
2015-02-15 13:32:00,0.6268104776579384
2015-02-15 13:33:00,0.6268104776579384
2015-02-15 13:34:00,0.6268104776579384
2015-02-15 13:34:59,0.6268104776579384
2015-02-15 13:36:00,0.6268104776579384
2015-02-15 13:37:00,0.6268104776579384
2015-02-15 13:38:00,0.6268104776579384
2015-02-15 13:38:59,0.6175654853620984
2015-02-15 13:40:00,0.6083204930662593
2015-02-15 13:40:59,0.6120184899845946
2015-02-15 13:41:59,0.6083204930662593
2015-02-15 13:43:00,0.6083204930662593
2015-02-15 13:44:00,0.6083204930662593
2015-02-15 13:45:00,0.6083204930662593
2015-02-15 13:46:00,0.6083204930662593
2015-02-15 13:46:59,0.6083204930662593
2015-02-15 13:47:59,0.6027734976887555
2015-02-15 13:49:00,0.591679506933747
2015-02-15 13:50:00,0.591679506933747
2015-02-15 13:51:00,0.591679506933747
2015-02-15 13:52:00,0.591679506933747
2015-02-15 13:53:00,0.591679506933747
2015-02-15 13:53:59,0.591679506933747
2015-02-15 13:54:59,0.591679506933747
2015-02-15 13:56:00,0.591679506933747
2015-02-15 13:57:00,0.5824345146379071
2015-02-15 13:58:00,0.5824345146379071
2015-02-15 13:59:00,0.573189522342068
2015-02-15 13:59:59,0.573189522342068
2015-02-15 14:00:59,0.573189522342068
2015-02-15 14:02:00,0.573189522342068
2015-02-15 14:03:00,0.573189522342068
2015-02-15 14:04:00,0.573189522342068
2015-02-15 14:05:00,0.573189522342068
2015-02-15 14:06:00,0.573189522342068
2015-02-15 14:06:59,0.573189522342068
2015-02-15 14:08:00,0.563944530046228
2015-02-15 14:09:00,0.5685670261941476
2015-02-15 14:10:00,0.5608628659476094
2015-02-15 14:10:59,0.563944530046228
2015-02-15 14:12:00,0.5546995377503879
2015-02-15 14:12:59,0.563944530046228
2015-02-15 14:13:59,0.5546995377503879
2015-02-15 14:15:00,0.5546995377503879
2015-02-15 14:16:00,0.5608628659476094
2015-02-15 14:17:00,0.5546995377503879
2015-02-15 14:18:00,0.5546995377503879
2015-02-15 14:19:00,0.5546995377503879
2015-02-15 14:19:59,0.5546995377503879
2015-02-15 14:21:00,0.5546995377503879
2015-02-15 14:22:00,0.5546995377503879
2015-02-15 14:23:00,0.5546995377503879
2015-02-15 14:23:59,0.5546995377503879
2015-02-15 14:25:00,0.5546995377503879
2015-02-15 14:25:59,0.5546995377503879
2015-02-15 14:26:59,0.5546995377503879
2015-02-15 14:28:00,0.5593220338983076
2015-02-15 14:29:00,0.5546995377503879
2015-02-15 14:30:00,0.5546995377503879
2015-02-15 14:31:00,0.5546995377503879
2015-02-15 14:31:59,0.5546995377503879
2015-02-15 14:32:59,0.5546995377503879
2015-02-15 14:34:00,0.5546995377503879
2015-02-15 14:35:00,0.5546995377503879
2015-02-15 14:36:00,0.5496147919876759
2015-02-15 14:37:00,0.5479198767334332
2015-02-15 14:38:00,0.5394453004622526
2015-02-15 14:38:59,0.5343605546995405
2015-02-15 14:39:59,0.5343605546995405
2015-02-15 14:41:00,0.5343605546995405
2015-02-15 14:42:00,0.5343605546995405
2015-02-15 14:43:00,0.5343605546995405
2015-02-15 14:44:00,0.5343605546995405
2015-02-15 14:44:59,0.5343605546995405
2015-02-15 14:45:59,0.5343605546995405
2015-02-15 14:47:00,0.5343605546995405
2015-02-15 14:48:00,0.5343605546995405
2015-02-15 14:49:00,0.5158705701078605
2015-02-15 14:50:00,0.5158705701078605
2015-02-15 14:51:00,0.5158705701078605
2015-02-15 14:51:59,0.5158705701078605
2015-02-15 14:53:00,0.5158705701078605
2015-02-15 14:54:00,0.5103235747303576
2015-02-15 14:55:00,0.5158705701078605
2015-02-15 14:55:59,0.5047765793528529
2015-02-15 14:57:00,0.5117103235747327
2015-02-15 14:57:59,0.5158705701078605
2015-02-15 14:58:59,0.5075500770416057
2015-02-15 15:00:00,0.5075500770416057
2015-02-15 15:01:00,0.5158705701078605
2015-02-15 15:02:00,0.5047765793528529
2015-02-15 15:03:00,0.4992295839753491
2015-02-15 15:04:00,0.4992295839753491
2015-02-15 15:04:59,0.5158705701078605
2015-02-15 15:06:00,0.4992295839753491
2015-02-15 15:07:00,0.4992295839753491
2015-02-15 15:08:00,0.4992295839753491
2015-02-15 15:08:59,0.5047765793528529
2015-02-15 15:10:00,0.4992295839753491
2015-02-15 15:10:59,0.4992295839753491
2015-02-15 15:11:59,0.4992295839753491
2015-02-15 15:13:00,0.4992295839753491
2015-02-15 15:14:00,0.4992295839753491
2015-02-15 15:15:00,0.4992295839753491
2015-02-15 15:16:00,0.4992295839753491
2015-02-15 15:16:59,0.4992295839753491
2015-02-15 15:17:59,0.4992295839753491
2015-02-15 15:19:00,0.4992295839753491
2015-02-15 15:20:00,0.4992295839753491
2015-02-15 15:21:00,0.4992295839753491
2015-02-15 15:22:00,0.4946070878274296
2015-02-15 15:23:00,0.4992295839753491
2015-02-15 15:23:59,0.4992295839753491
2015-02-15 15:24:59,0.4992295839753491
2015-02-15 15:26:00,0.4992295839753491
2015-02-15 15:27:00,0.4992295839753491
2015-02-15 15:28:00,0.4946070878274296
2015-02-15 15:29:00,0.4992295839753491
2015-02-15 15:29:59,0.4992295839753491
2015-02-15 15:30:59,0.4946070878274296
2015-02-15 15:32:00,0.4992295839753491
2015-02-15 15:33:00,0.4992295839753491
2015-02-15 15:34:00,0.4992295839753491
2015-02-15 15:35:00,0.4992295839753491
2015-02-15 15:36:00,0.4899845916795091
2015-02-15 15:36:59,0.4930662557781287
2015-02-15 15:38:00,0.4853620955315896
2015-02-15 15:39:00,0.4853620955315896
2015-02-15 15:40:00,0.4807395993836701
2015-02-15 15:40:59,0.4807395993836701
2015-02-15 15:42:00,0.4899845916795091
2015-02-15 15:42:59,0.4807395993836701
2015-02-15 15:43:59,0.4807395993836701
2015-02-15 15:45:00,0.4807395993836701
2015-02-15 15:46:00,0.4807395993836701
2015-02-15 15:47:00,0.4745762711864492
2015-02-15 15:48:00,0.4714946070878301
2015-02-15 15:49:00,0.4668721109399097
2015-02-15 15:49:59,0.4668721109399097
2015-02-15 15:51:00,0.4622496147919901
2015-02-15 15:52:00,0.4622496147919901
2015-02-15 15:53:00,0.4622496147919901
2015-02-15 15:53:59,0.4622496147919901
2015-02-15 15:55:00,0.4622496147919901
2015-02-15 15:55:59,0.4622496147919901
2015-02-15 15:56:59,0.4622496147919901
2015-02-15 15:58:00,0.4520801232665663
2015-02-15 15:59:00,0.44699537750385465
2015-02-15 16:00:00,0.44699537750385465
2015-02-15 16:01:00,0.4520801232665663
2015-02-15 16:01:59,0.4419106317411425
2015-02-15 16:02:59,0.4419106317411425
2015-02-15 16:04:00,0.4419106317411425
2015-02-15 16:05:00,0.4419106317411425
2015-02-15 16:06:00,0.43728813559322255
2015-02-15 16:07:00,0.43728813559322255
2015-02-15 16:08:00,0.42804314329738297
2015-02-15 16:08:59,0.42342064714946304
2015-02-15 16:09:59,0.42342064714946304
2015-02-15 16:11:00,0.43266563944530256
2015-02-15 16:12:00,0.42342064714946304
2015-02-15 16:13:00,0.42342064714946304
2015-02-15 16:14:00,0.42342064714946304
2015-02-15 16:14:59,0.42342064714946304
2015-02-15 16:15:59,0.42342064714946304
2015-02-15 16:17:00,0.42342064714946304
2015-02-15 16:18:00,0.42342064714946304
2015-02-15 16:19:00,0.4192604006163347
2015-02-15 16:20:00,0.4151001540832073
2015-02-15 16:21:00,0.4151001540832073
2015-02-15 16:21:59,0.4067796610169512
2015-02-15 16:23:00,0.4067796610169512
2015-02-15 16:24:00,0.4067796610169512
2015-02-15 16:25:00,0.4067796610169512
2015-02-15 16:25:59,0.4021571648690317
2015-02-15 16:27:00,0.4021571648690317
2015-02-15 16:27:59,0.3944530046224921
2015-02-15 16:28:59,0.3929121725731917
2015-02-15 16:30:00,0.3882896764252721
2015-02-15 16:31:00,0.3975346687211112
2015-02-15 16:32:00,0.3929121725731917
2015-02-15 16:33:00,0.3882896764252721
2015-02-15 16:34:00,0.3882896764252721
2015-02-15 16:34:59,0.3882896764252721
2015-02-15 16:36:00,0.3882896764252721
2015-02-15 16:37:00,0.3882896764252721
2015-02-15 16:38:00,0.3882896764252721
2015-02-15 16:38:59,0.3821263482280513
2015-02-15 16:40:00,0.3882896764252721
2015-02-15 16:40:59,0.3697996918335922
2015-02-15 16:41:59,0.37904468412943215
2015-02-15 16:43:00,0.37596302003081306
2015-02-15 16:44:00,0.3697996918335922
2015-02-15 16:45:00,0.3697996918335922
2015-02-15 16:46:00,0.3697996918335922
2015-02-15 16:46:59,0.3697996918335922
2015-02-15 16:47:59,0.3697996918335922
2015-02-15 16:49:00,0.3697996918335922
2015-02-15 16:50:00,0.3697996918335922
2015-02-15 16:51:00,0.3697996918335922
2015-02-15 16:52:00,0.3697996918335922
2015-02-15 16:53:00,0.3562403697996994
2015-02-15 16:53:59,0.36302003081663736
2015-02-15 16:54:59,0.3596302003081684
2015-02-15 16:56:00,0.3562403697996994
2015-02-15 16:57:00,0.3494607087827446
2015-02-15 16:58:00,0.3494607087827446
2015-02-15 16:59:00,0.3494607087827446
2015-02-15 16:59:59,0.3494607087827446
2015-02-15 17:00:59,0.3494607087827446
2015-02-15 17:02:00,0.3494607087827446
2015-02-15 17:03:00,0.3494607087827446
2015-02-15 17:04:00,0.34021571648690463
2015-02-15 17:05:00,0.33713405238828553
2015-02-15 17:06:00,0.3432973805855237
2015-02-15 17:06:59,0.34021571648690463
2015-02-15 17:08:00,0.3355932203389851
2015-02-15 17:09:00,0.33097072419106466
2015-02-15 17:10:00,0.33097072419106466
2015-02-15 17:10:59,0.33097072419106466
2015-02-15 17:12:00,0.33097072419106466
2015-02-15 17:12:59,0.33097072419106466
2015-02-15 17:13:59,0.33097072419106466
2015-02-15 17:15:00,0.33097072419106466
2015-02-15 17:16:00,0.33097072419106466
2015-02-15 17:17:00,0.33097072419106466
2015-02-15 17:18:00,0.3226502311248094
2015-02-15 17:19:00,0.31987673343605705
2015-02-15 17:19:59,0.3184899845916811
2015-02-15 17:21:00,0.31432973805855324
2015-02-15 17:22:00,0.31432973805855324
2015-02-15 17:23:00,0.31432973805855324
2015-02-15 17:23:59,0.3184899845916811
2015-02-15 17:25:00,0.31432973805855324
2015-02-15 17:25:59,0.31432973805855324
2015-02-15 17:26:59,0.31432973805855324
2015-02-15 17:28:00,0.3050847457627133
2015-02-15 17:29:00,0.31432973805855324
2015-02-15 17:30:00,0.31432973805855324
2015-02-15 17:31:00,0.31432973805855324
2015-02-15 17:31:59,0.3050847457627133
2015-02-15 17:32:59,0.3050847457627133
2015-02-15 17:34:00,0.2958397534668737
2015-02-15 17:35:00,0.3004622496147937
2015-02-15 17:36:00,0.2958397534668737
2015-02-15 17:37:00,0.2958397534668737
2015-02-15 17:38:00,0.2958397534668737
2015-02-15 17:38:59,0.2958397534668737
2015-02-15 17:39:59,0.2958397534668737
2015-02-15 17:41:00,0.2958397534668737
2015-02-15 17:42:00,0.2958397534668737
2015-02-15 17:43:00,0.2896764252696529
2015-02-15 17:44:00,0.2958397534668737
2015-02-15 17:44:59,0.27734976887519425
2015-02-15 17:45:59,0.2819722650231138
2015-02-15 17:47:00,0.2865947611710338
2015-02-15 17:48:00,0.2865947611710338
2015-02-15 17:49:00,0.27734976887519425
2015-02-15 17:50:00,0.2865947611710338
2015-02-15 17:51:00,0.27734976887519425
2015-02-15 17:51:59,0.27734976887519425
2015-02-15 17:53:00,0.27734976887519425
2015-02-15 17:54:00,0.27734976887519425
2015-02-15 17:55:00,0.27734976887519425
2015-02-15 17:55:59,0.27734976887519425
2015-02-15 17:57:00,0.27734976887519425
2015-02-15 17:57:59,0.27734976887519425
2015-02-15 17:58:59,0.27734976887519425
2015-02-15 18:00:00,0.27734976887519425
2015-02-15 18:01:00,0.27734976887519425
2015-02-15 18:02:00,0.27734976887519425
2015-02-15 18:03:00,0.27734976887519425
2015-02-15 18:04:00,0.27734976887519425
2015-02-15 18:04:59,0.27734976887519425
2015-02-15 18:06:00,0.27734976887519425
2015-02-15 18:07:00,0.27734976887519425
2015-02-15 18:08:00,0.27734976887519425
2015-02-15 18:08:59,0.27734976887519425
2015-02-15 18:10:00,0.27734976887519425
2015-02-15 18:10:59,0.27734976887519425
2015-02-15 18:11:59,0.27734976887519425
2015-02-15 18:13:00,0.27734976887519425
2015-02-15 18:14:00,0.27734976887519425
2015-02-15 18:15:00,0.27734976887519425
2015-02-15 18:16:00,0.27734976887519425
2015-02-15 18:16:59,0.27734976887519425
2015-02-15 18:17:59,0.27734976887519425
2015-02-15 18:19:00,0.27734976887519425
2015-02-15 18:20:00,0.27734976887519425
2015-02-15 18:21:00,0.27734976887519425
2015-02-15 18:22:00,0.27734976887519425
2015-02-15 18:23:00,0.27734976887519425
2015-02-15 18:23:59,0.27734976887519425
2015-02-15 18:24:59,0.27734976887519425
2015-02-15 18:26:00,0.27734976887519425
2015-02-15 18:27:00,0.27734976887519425
2015-02-15 18:28:00,0.27734976887519425
2015-02-15 18:29:00,0.27734976887519425
2015-02-15 18:29:59,0.27734976887519425
2015-02-15 18:30:59,0.27734976887519425
2015-02-15 18:32:00,0.27734976887519425
2015-02-15 18:33:00,0.27734976887519425
2015-02-15 18:34:00,0.27734976887519425
2015-02-15 18:35:00,0.27734976887519425
2015-02-15 18:36:00,0.27734976887519425
2015-02-15 18:36:59,0.27734976887519425
2015-02-15 18:38:00,0.27734976887519425
2015-02-15 18:39:00,0.27734976887519425
2015-02-15 18:40:00,0.27734976887519425
2015-02-15 18:40:59,0.27734976887519425
2015-02-15 18:42:00,0.27734976887519425
2015-02-15 18:42:59,0.27734976887519425
2015-02-15 18:43:59,0.27734976887519425
2015-02-15 18:45:00,0.27734976887519425
2015-02-15 18:46:00,0.27734976887519425
2015-02-15 18:47:00,0.27734976887519425
2015-02-15 18:48:00,0.27734976887519425
2015-02-15 18:49:00,0.27734976887519425
2015-02-15 18:49:59,0.27734976887519425
2015-02-15 18:51:00,0.27734976887519425
2015-02-15 18:52:00,0.2671802773497705
2015-02-15 18:53:00,0.27734976887519425
2015-02-15 18:53:59,0.27734976887519425
2015-02-15 18:55:00,0.270570107858239
2015-02-15 18:55:59,0.27734976887519425
2015-02-15 18:56:59,0.2671802773497705
2015-02-15 18:58:00,0.2570107858243467
2015-02-15 18:59:00,0.2570107858243467
2015-02-15 19:00:00,0.2671802773497705
2015-02-15 19:01:00,0.2570107858243467
2015-02-15 19:01:59,0.2570107858243467
2015-02-15 19:02:59,0.2570107858243467
2015-02-15 19:04:00,0.2570107858243467
2015-02-15 19:05:00,0.2570107858243467
2015-02-15 19:06:00,0.2570107858243467
2015-02-15 19:07:00,0.2570107858243467
2015-02-15 19:08:00,0.2570107858243467
2015-02-15 19:08:59,0.2570107858243467
2015-02-15 19:09:59,0.2570107858243467
2015-02-15 19:11:00,0.2570107858243467
2015-02-15 19:12:00,0.2570107858243467
2015-02-15 19:13:00,0.2570107858243467
2015-02-15 19:14:00,0.2570107858243467
2015-02-15 19:14:59,0.2570107858243467
2015-02-15 19:15:59,0.2570107858243467
2015-02-15 19:17:00,0.2570107858243467
2015-02-15 19:18:00,0.2570107858243467
2015-02-15 19:19:00,0.2570107858243467
2015-02-15 19:20:00,0.2570107858243467
2015-02-15 19:21:00,0.2570107858243467
2015-02-15 19:21:59,0.2570107858243467
2015-02-15 19:23:00,0.2570107858243467
2015-02-15 19:24:00,0.2570107858243467
2015-02-15 19:25:00,0.2570107858243467
2015-02-15 19:25:59,0.2570107858243467
2015-02-15 19:27:00,0.2570107858243467
2015-02-15 19:27:59,0.2570107858243467
2015-02-15 19:28:59,0.2570107858243467
2015-02-15 19:30:00,0.2570107858243467
2015-02-15 19:31:00,0.27734976887519425
2015-02-15 19:32:00,0.2570107858243467
2015-02-15 19:33:00,0.2570107858243467
2015-02-15 19:34:00,0.2570107858243467
2015-02-15 19:34:59,0.2671802773497705
2015-02-15 19:36:00,0.27734976887519425
2015-02-15 19:37:00,0.27734976887519425
2015-02-15 19:38:00,0.2570107858243467
2015-02-15 19:38:59,0.2570107858243467
2015-02-15 19:40:00,0.2570107858243467
2015-02-15 19:40:59,0.2671802773497705
2015-02-15 19:41:59,0.2637904468413015
2015-02-15 19:43:00,0.2570107858243467
2015-02-15 19:44:00,0.2570107858243467
2015-02-15 19:45:00,0.2570107858243467
2015-02-15 19:46:00,0.2671802773497705
2015-02-15 19:46:59,0.2570107858243467
2015-02-15 19:47:59,0.2570107858243467
2015-02-15 19:49:00,0.2570107858243467
2015-02-15 19:50:00,0.2570107858243467
2015-02-15 19:51:00,0.27734976887519425
2015-02-15 19:52:00,0.2570107858243467
2015-02-15 19:53:00,0.2570107858243467
2015-02-15 19:53:59,0.2671802773497705
2015-02-15 19:54:59,0.2637904468413015
2015-02-15 19:56:00,0.2570107858243467
2015-02-15 19:57:00,0.2570107858243467
2015-02-15 19:58:00,0.2637904468413015
2015-02-15 19:59:00,0.2570107858243467
2015-02-15 19:59:59,0.27734976887519425
2015-02-15 20:00:59,0.27734976887519425
2015-02-15 20:02:00,0.2671802773497705
2015-02-15 20:03:00,0.27734976887519425
2015-02-15 20:04:00,0.2671802773497705
2015-02-15 20:05:00,0.27734976887519425
2015-02-15 20:06:00,0.2570107858243467
2015-02-15 20:06:59,0.2570107858243467
2015-02-15 20:08:00,0.2671802773497705
2015-02-15 20:09:00,0.2671802773497705
2015-02-15 20:10:00,0.2570107858243467
2015-02-15 20:10:59,0.2570107858243467
2015-02-15 20:12:00,0.2570107858243467
2015-02-15 20:12:59,0.2570107858243467
2015-02-15 20:13:59,0.2570107858243467
2015-02-15 20:15:00,0.270570107858239
2015-02-15 20:16:00,0.2637904468413015
2015-02-15 20:17:00,0.2570107858243467
2015-02-15 20:18:00,0.2570107858243467
2015-02-15 20:19:00,0.2570107858243467
2015-02-15 20:19:59,0.2570107858243467
2015-02-15 20:21:00,0.2570107858243467
2015-02-15 20:22:00,0.2570107858243467
2015-02-15 20:23:00,0.2570107858243467
2015-02-15 20:23:59,0.2570107858243467
2015-02-15 20:25:00,0.2570107858243467
2015-02-15 20:25:59,0.27734976887519425
2015-02-15 20:26:59,0.2570107858243467
2015-02-15 20:28:00,0.2570107858243467
2015-02-15 20:29:00,0.2570107858243467
2015-02-15 20:30:00,0.2570107858243467
2015-02-15 20:31:00,0.2570107858243467
2015-02-15 20:31:59,0.2570107858243467
2015-02-15 20:32:59,0.2570107858243467
2015-02-15 20:34:00,0.2570107858243467
2015-02-15 20:35:00,0.2570107858243467
2015-02-15 20:36:00,0.2570107858243467
2015-02-15 20:37:00,0.2570107858243467
2015-02-15 20:38:00,0.2570107858243467
2015-02-15 20:38:59,0.2570107858243467
2015-02-15 20:39:59,0.2570107858243467
2015-02-15 20:41:00,0.2570107858243467
2015-02-15 20:42:00,0.2570107858243467
2015-02-15 20:43:00,0.2570107858243467
2015-02-15 20:44:00,0.2570107858243467
2015-02-15 20:44:59,0.2570107858243467
2015-02-15 20:45:59,0.2570107858243467
2015-02-15 20:47:00,0.2570107858243467
2015-02-15 20:48:00,0.2570107858243467
2015-02-15 20:49:00,0.2570107858243467
2015-02-15 20:50:00,0.2570107858243467
2015-02-15 20:51:00,0.2570107858243467
2015-02-15 20:51:59,0.2570107858243467
2015-02-15 20:53:00,0.2570107858243467
2015-02-15 20:54:00,0.2570107858243467
2015-02-15 20:55:00,0.2570107858243467
2015-02-15 20:55:59,0.2570107858243467
2015-02-15 20:57:00,0.2570107858243467
2015-02-15 20:57:59,0.2570107858243467
2015-02-15 20:58:59,0.2570107858243467
2015-02-15 21:00:00,0.2570107858243467
2015-02-15 21:01:00,0.2570107858243467
2015-02-15 21:02:00,0.2570107858243467
2015-02-15 21:03:00,0.2570107858243467
2015-02-15 21:04:00,0.2570107858243467
2015-02-15 21:04:59,0.2570107858243467
2015-02-15 21:06:00,0.2570107858243467
2015-02-15 21:07:00,0.2477657935285067
2015-02-15 21:08:00,0.2570107858243467
2015-02-15 21:08:59,0.2570107858243467
2015-02-15 21:10:00,0.2446841294298876
2015-02-15 21:10:59,0.2570107858243467
2015-02-15 21:11:59,0.2570107858243467
2015-02-15 21:13:00,0.2477657935285067
2015-02-15 21:14:00,0.2570107858243467
2015-02-15 21:15:00,0.2570107858243467
2015-02-15 21:16:00,0.2570107858243467
2015-02-15 21:16:59,0.2385208012326667
2015-02-15 21:17:59,0.2570107858243467
2015-02-15 21:19:00,0.2570107858243467
2015-02-15 21:20:00,0.2570107858243467
2015-02-15 21:21:00,0.2570107858243467
2015-02-15 21:22:00,0.2477657935285067
2015-02-15 21:23:00,0.2477657935285067
2015-02-15 21:23:59,0.2570107858243467
2015-02-15 21:24:59,0.2570107858243467
2015-02-15 21:26:00,0.2508474576271258
2015-02-15 21:27:00,0.2570107858243467
2015-02-15 21:28:00,0.2385208012326667
2015-02-15 21:29:00,0.2446841294298876
2015-02-15 21:29:59,0.2570107858243467
2015-02-15 21:30:59,0.2570107858243467
2015-02-15 21:32:00,0.2477657935285067
2015-02-15 21:33:00,0.2570107858243467
2015-02-15 21:34:00,0.2477657935285067
2015-02-15 21:35:00,0.2385208012326667
2015-02-15 21:36:00,0.2570107858243467
2015-02-15 21:36:59,0.2508474576271258
2015-02-15 21:38:00,0.2570107858243467
2015-02-15 21:39:00,0.2570107858243467
2015-02-15 21:40:00,0.2508474576271258
2015-02-15 21:40:59,0.2385208012326667
2015-02-15 21:42:00,0.2385208012326667
2015-02-15 21:42:59,0.2385208012326667
2015-02-15 21:43:59,0.2477657935285067
2015-02-15 21:45:00,0.2477657935285067
2015-02-15 21:46:00,0.2385208012326667
2015-02-15 21:47:00,0.2385208012326667
2015-02-15 21:48:00,0.2385208012326667
2015-02-15 21:49:00,0.2385208012326667
2015-02-15 21:49:59,0.2385208012326667
2015-02-15 21:51:00,0.2385208012326667
2015-02-15 21:52:00,0.2446841294298876
2015-02-15 21:53:00,0.2446841294298876
2015-02-15 21:53:59,0.2570107858243467
2015-02-15 21:55:00,0.2477657935285067
2015-02-15 21:55:59,0.2477657935285067
2015-02-15 21:56:59,0.2385208012326667
2015-02-15 21:58:00,0.2385208012326667
2015-02-15 21:59:00,0.2385208012326667
2015-02-15 22:00:00,0.2385208012326667
2015-02-15 22:01:00,0.2570107858243467
2015-02-15 22:01:59,0.2385208012326667
2015-02-15 22:02:59,0.2385208012326667
2015-02-15 22:04:00,0.2385208012326667
2015-02-15 22:05:00,0.2385208012326667
2015-02-15 22:06:00,0.2385208012326667
2015-02-15 22:07:00,0.2385208012326667
2015-02-15 22:08:00,0.2385208012326667
2015-02-15 22:08:59,0.2385208012326667
2015-02-15 22:09:59,0.2385208012326667
2015-02-15 22:11:00,0.2385208012326667
2015-02-15 22:12:00,0.2385208012326667
2015-02-15 22:13:00,0.2385208012326667
2015-02-15 22:14:00,0.2385208012326667
2015-02-15 22:14:59,0.2385208012326667
2015-02-15 22:15:59,0.2385208012326667
2015-02-15 22:17:00,0.23020030816641104
2015-02-15 22:18:00,0.2385208012326667
2015-02-15 22:19:00,0.23020030816641104
2015-02-15 22:20:00,0.2385208012326667
2015-02-15 22:21:00,0.2385208012326667
2015-02-15 22:21:59,0.2385208012326667
2015-02-15 22:23:00,0.2385208012326667
2015-02-15 22:24:00,0.2385208012326667
2015-02-15 22:25:00,0.2385208012326667
2015-02-15 22:25:59,0.2385208012326667
2015-02-15 22:27:00,0.2385208012326667
2015-02-15 22:27:59,0.2385208012326667
2015-02-15 22:28:59,0.2385208012326667
2015-02-15 22:30:00,0.2385208012326667
2015-02-15 22:31:00,0.2385208012326667
2015-02-15 22:32:00,0.23020030816641104
2015-02-15 22:33:00,0.23020030816641104
2015-02-15 22:34:00,0.23020030816641104
2015-02-15 22:34:59,0.2385208012326667
2015-02-15 22:36:00,0.2385208012326667
2015-02-15 22:37:00,0.23297380585516336
2015-02-15 22:38:00,0.2385208012326667
2015-02-15 22:38:59,0.2385208012326667
2015-02-15 22:40:00,0.2385208012326667
2015-02-15 22:40:59,0.2274268104776591
2015-02-15 22:41:59,0.23297380585516336
2015-02-15 22:43:00,0.2385208012326667
2015-02-15 22:44:00,0.23020030816641104
2015-02-15 22:45:00,0.22187981510015486
2015-02-15 22:46:00,0.23020030816641104
2015-02-15 22:46:59,0.2385208012326667
2015-02-15 22:47:59,0.2385208012326667
2015-02-15 22:49:00,0.23020030816641104
2015-02-15 22:50:00,0.22187981510015486
2015-02-15 22:51:00,0.23297380585516336
2015-02-15 22:52:00,0.2385208012326667
2015-02-15 22:53:00,0.2385208012326667
2015-02-15 22:53:59,0.2385208012326667
2015-02-15 22:54:59,0.2385208012326667
2015-02-15 22:56:00,0.2385208012326667
2015-02-15 22:57:00,0.2385208012326667
2015-02-15 22:58:00,0.2385208012326667
2015-02-15 22:59:00,0.22187981510015486
2015-02-15 22:59:59,0.22187981510015486
2015-02-15 23:00:59,0.22187981510015486
2015-02-15 23:02:00,0.2385208012326667
2015-02-15 23:03:00,0.22187981510015486
2015-02-15 23:04:00,0.23297380585516336
2015-02-15 23:05:00,0.23020030816641104
2015-02-15 23:06:00,0.2385208012326667
2015-02-15 23:06:59,0.2385208012326667
2015-02-15 23:08:00,0.2385208012326667
2015-02-15 23:09:00,0.23020030816641104
2015-02-15 23:10:00,0.2385208012326667
2015-02-15 23:10:59,0.22187981510015486
2015-02-15 23:12:00,0.23436055469953845
2015-02-15 23:12:59,0.2385208012326667
2015-02-15 23:13:59,0.23020030816641104
2015-02-15 23:15:00,0.22187981510015486
2015-02-15 23:16:00,0.23020030816641104
2015-02-15 23:17:00,0.23020030816641104
2015-02-15 23:18:00,0.2385208012326667
2015-02-15 23:19:00,0.23020030816641104
2015-02-15 23:19:59,0.2385208012326667
2015-02-15 23:21:00,0.2385208012326667
2015-02-15 23:22:00,0.2385208012326667
2015-02-15 23:23:00,0.23020030816641104
2015-02-15 23:23:59,0.22187981510015486
2015-02-15 23:25:00,0.2385208012326667
2015-02-15 23:25:59,0.2385208012326667
2015-02-15 23:26:59,0.23020030816641104
2015-02-15 23:28:00,0.23020030816641104
2015-02-15 23:29:00,0.2385208012326667
2015-02-15 23:30:00,0.22187981510015486
2015-02-15 23:31:00,0.2274268104776591
2015-02-15 23:31:59,0.23020030816641104
2015-02-15 23:32:59,0.22187981510015486
2015-02-15 23:34:00,0.23436055469953845
2015-02-15 23:35:00,0.2385208012326667
2015-02-15 23:36:00,0.2385208012326667
2015-02-15 23:37:00,0.2385208012326667
2015-02-15 23:38:00,0.2385208012326667
2015-02-15 23:38:59,0.2385208012326667
2015-02-15 23:39:59,0.2385208012326667
2015-02-15 23:41:00,0.2385208012326667
2015-02-15 23:42:00,0.22187981510015486
2015-02-15 23:43:00,0.23020030816641104
2015-02-15 23:44:00,0.23297380585516336
2015-02-15 23:44:59,0.2385208012326667
2015-02-15 23:45:59,0.23020030816641104
2015-02-15 23:47:00,0.23297380585516336
2015-02-15 23:48:00,0.2385208012326667
2015-02-15 23:49:00,0.23297380585516336
2015-02-15 23:50:00,0.2385208012326667
2015-02-15 23:51:00,0.23020030816641104
2015-02-15 23:51:59,0.23020030816641104
2015-02-15 23:53:00,0.23020030816641104
2015-02-15 23:54:00,0.2385208012326667
2015-02-15 23:55:00,0.22187981510015486
2015-02-15 23:55:59,0.2385208012326667
2015-02-15 23:57:00,0.22187981510015486
2015-02-15 23:57:59,0.22187981510015486
2015-02-15 23:58:59,0.2385208012326667
