date,Light
2015-02-13 00:00:00,0.0
2015-02-13 00:01:00,0.0
2015-02-13 00:02:00,0.0
2015-02-13 00:03:00,0.0
2015-02-13 00:04:00,0.0
2015-02-13 00:04:59,0.0
2015-02-13 00:06:00,0.0
2015-02-13 00:07:00,0.0
2015-02-13 00:08:00,0.0
2015-02-13 00:08:59,0.0
2015-02-13 00:10:00,0.0
2015-02-13 00:10:59,0.0
2015-02-13 00:11:59,0.0
2015-02-13 00:13:00,0.0
2015-02-13 00:14:00,0.0
2015-02-13 00:15:00,0.0
2015-02-13 00:16:00,0.0
2015-02-13 00:16:59,0.0
2015-02-13 00:17:59,0.0
2015-02-13 00:19:00,0.0
2015-02-13 00:20:00,0.0
2015-02-13 00:21:00,0.0
2015-02-13 00:22:00,0.0
2015-02-13 00:23:00,0.0
2015-02-13 00:23:59,0.0
2015-02-13 00:24:59,0.0
2015-02-13 00:26:00,0.0
2015-02-13 00:27:00,0.0
2015-02-13 00:28:00,0.0
2015-02-13 00:29:00,0.0
2015-02-13 00:29:59,0.0
2015-02-13 00:30:59,0.0
2015-02-13 00:32:00,0.0
2015-02-13 00:33:00,0.0
2015-02-13 00:34:00,0.0
2015-02-13 00:35:00,0.0
2015-02-13 00:36:00,0.0
2015-02-13 00:36:59,0.0
2015-02-13 00:38:00,0.0
2015-02-13 00:39:00,0.0
2015-02-13 00:40:00,0.0
2015-02-13 00:40:59,0.0
2015-02-13 00:42:00,0.0
2015-02-13 00:42:59,0.0
2015-02-13 00:43:59,0.0
2015-02-13 00:45:00,0.0
2015-02-13 00:46:00,0.0
2015-02-13 00:47:00,0.0
2015-02-13 00:48:00,0.0
2015-02-13 00:49:00,0.0
2015-02-13 00:49:59,0.0
2015-02-13 00:51:00,0.0
2015-02-13 00:52:00,0.0
2015-02-13 00:53:00,0.0
2015-02-13 00:53:59,0.0
2015-02-13 00:55:00,0.0
2015-02-13 00:55:59,0.0
2015-02-13 00:56:59,0.0
2015-02-13 00:58:00,0.0
2015-02-13 00:59:00,0.0
2015-02-13 01:00:00,0.0
2015-02-13 01:01:00,0.0
2015-02-13 01:01:59,0.0
2015-02-13 01:02:59,0.0
2015-02-13 01:04:00,0.0
2015-02-13 01:05:00,0.0
2015-02-13 01:06:00,0.0
2015-02-13 01:07:00,0.0
2015-02-13 01:08:00,0.0
2015-02-13 01:08:59,0.0
2015-02-13 01:09:59,0.0
2015-02-13 01:11:00,0.0
2015-02-13 01:12:00,0.0
2015-02-13 01:13:00,0.0
2015-02-13 01:14:00,0.0
2015-02-13 01:14:59,0.0
2015-02-13 01:15:59,0.0
2015-02-13 01:17:00,0.0
2015-02-13 01:18:00,0.0
2015-02-13 01:19:00,0.0
2015-02-13 01:20:00,0.0
2015-02-13 01:21:00,0.0
2015-02-13 01:21:59,0.0
2015-02-13 01:23:00,0.0
2015-02-13 01:24:00,0.0
2015-02-13 01:25:00,0.0
2015-02-13 01:25:59,0.0
2015-02-13 01:27:00,0.0
2015-02-13 01:27:59,0.0
2015-02-13 01:28:59,0.0
2015-02-13 01:30:00,0.0
2015-02-13 01:31:00,0.0
2015-02-13 01:32:00,0.0
2015-02-13 01:33:00,0.0
2015-02-13 01:34:00,0.0
2015-02-13 01:34:59,0.0
2015-02-13 01:36:00,0.0
2015-02-13 01:37:00,0.0
2015-02-13 01:38:00,0.0
2015-02-13 01:38:59,0.0
2015-02-13 01:40:00,0.0
2015-02-13 01:40:59,0.0
2015-02-13 01:41:59,0.0
2015-02-13 01:43:00,0.0
2015-02-13 01:44:00,0.0
2015-02-13 01:45:00,0.0
2015-02-13 01:46:00,0.0
2015-02-13 01:46:59,0.0
2015-02-13 01:47:59,0.0
2015-02-13 01:49:00,0.0
2015-02-13 01:50:00,0.0
2015-02-13 01:51:00,0.0
2015-02-13 01:52:00,0.0
2015-02-13 01:53:00,0.0
2015-02-13 01:53:59,0.0
2015-02-13 01:54:59,0.0
2015-02-13 01:56:00,0.0
2015-02-13 01:57:00,0.0
2015-02-13 01:58:00,0.0
2015-02-13 01:59:00,0.0
2015-02-13 01:59:59,0.0
2015-02-13 02:00:59,0.0
2015-02-13 02:02:00,0.0
2015-02-13 02:03:00,0.0
2015-02-13 02:04:00,0.0
2015-02-13 02:05:00,0.0
2015-02-13 02:06:00,0.0
2015-02-13 02:06:59,0.0
2015-02-13 02:08:00,0.0
2015-02-13 02:09:00,0.0
2015-02-13 02:10:00,0.0
2015-02-13 02:10:59,0.0
2015-02-13 02:12:00,0.0
2015-02-13 02:12:59,0.0
2015-02-13 02:13:59,0.0
2015-02-13 02:15:00,0.0
2015-02-13 02:16:00,0.0
2015-02-13 02:17:00,0.0
2015-02-13 02:18:00,0.0
2015-02-13 02:19:00,0.0
2015-02-13 02:19:59,0.0
2015-02-13 02:21:00,0.0
2015-02-13 02:22:00,0.0
2015-02-13 02:23:00,0.0
2015-02-13 02:23:59,0.0
2015-02-13 02:25:00,0.0
2015-02-13 02:25:59,0.0
2015-02-13 02:26:59,0.0
2015-02-13 02:28:00,0.0
2015-02-13 02:29:00,0.0
2015-02-13 02:30:00,0.0
2015-02-13 02:31:00,0.0
2015-02-13 02:31:59,0.0
2015-02-13 02:32:59,0.0
2015-02-13 02:34:00,0.0
2015-02-13 02:35:00,0.0
2015-02-13 02:36:00,0.0
2015-02-13 02:37:00,0.0
2015-02-13 02:38:00,0.0
2015-02-13 02:38:59,0.0
2015-02-13 02:39:59,0.0
2015-02-13 02:41:00,0.0
2015-02-13 02:42:00,0.0
2015-02-13 02:43:00,0.0
2015-02-13 02:44:00,0.0
2015-02-13 02:44:59,0.0
2015-02-13 02:45:59,0.0
2015-02-13 02:47:00,0.0
2015-02-13 02:48:00,0.0
2015-02-13 02:49:00,0.0
2015-02-13 02:50:00,0.0
2015-02-13 02:51:00,0.0
2015-02-13 02:51:59,0.0
2015-02-13 02:53:00,0.0
2015-02-13 02:54:00,0.0
2015-02-13 02:55:00,0.0
2015-02-13 02:55:59,0.0
2015-02-13 02:57:00,0.0
2015-02-13 02:57:59,0.0
2015-02-13 02:58:59,0.0
2015-02-13 03:00:00,0.0
2015-02-13 03:01:00,0.0
2015-02-13 03:02:00,0.0
2015-02-13 03:03:00,0.0
2015-02-13 03:04:00,0.0
2015-02-13 03:04:59,0.0
2015-02-13 03:06:00,0.0
2015-02-13 03:07:00,0.0
2015-02-13 03:08:00,0.0
2015-02-13 03:08:59,0.0
2015-02-13 03:10:00,0.0
2015-02-13 03:10:59,0.0
2015-02-13 03:11:59,0.0
2015-02-13 03:13:00,0.0
2015-02-13 03:14:00,0.0
2015-02-13 03:15:00,0.0
2015-02-13 03:16:00,0.0
2015-02-13 03:16:59,0.0
2015-02-13 03:17:59,0.0
2015-02-13 03:19:00,0.0
2015-02-13 03:20:00,0.0
2015-02-13 03:21:00,0.0
2015-02-13 03:22:00,0.0
2015-02-13 03:23:00,0.0
2015-02-13 03:23:59,0.0
2015-02-13 03:24:59,0.0
2015-02-13 03:26:00,0.0
2015-02-13 03:27:00,0.0
2015-02-13 03:28:00,0.0
2015-02-13 03:29:00,0.0
2015-02-13 03:29:59,0.0
2015-02-13 03:30:59,0.0
2015-02-13 03:32:00,0.0
2015-02-13 03:33:00,0.0
2015-02-13 03:34:00,0.0
2015-02-13 03:35:00,0.0
2015-02-13 03:36:00,0.0
2015-02-13 03:36:59,0.0
2015-02-13 03:38:00,0.0
2015-02-13 03:39:00,0.0
2015-02-13 03:40:00,0.0
2015-02-13 03:40:59,0.0
2015-02-13 03:42:00,0.0
2015-02-13 03:42:59,0.0
2015-02-13 03:43:59,0.0
2015-02-13 03:45:00,0.0
2015-02-13 03:46:00,0.0
2015-02-13 03:47:00,0.0
2015-02-13 03:48:00,0.0
2015-02-13 03:49:00,0.0
2015-02-13 03:49:59,0.0
2015-02-13 03:51:00,0.0
2015-02-13 03:52:00,0.0
2015-02-13 03:53:00,0.0
2015-02-13 03:53:59,0.0
2015-02-13 03:55:00,0.0
2015-02-13 03:55:59,0.0
2015-02-13 03:56:59,0.0
2015-02-13 03:58:00,0.0
2015-02-13 03:59:00,0.0
2015-02-13 04:00:00,0.0
2015-02-13 04:01:00,0.0
2015-02-13 04:01:59,0.0
2015-02-13 04:02:59,0.0
2015-02-13 04:04:00,0.0
2015-02-13 04:05:00,0.0
2015-02-13 04:06:00,0.0
2015-02-13 04:07:00,0.0
2015-02-13 04:08:00,0.0
2015-02-13 04:08:59,0.0
2015-02-13 04:09:59,0.0
2015-02-13 04:11:00,0.0
2015-02-13 04:12:00,0.0
2015-02-13 04:13:00,0.0
2015-02-13 04:14:00,0.0
2015-02-13 04:14:59,0.0
2015-02-13 04:15:59,0.0
2015-02-13 04:17:00,0.0
2015-02-13 04:18:00,0.0
2015-02-13 04:19:00,0.0
2015-02-13 04:20:00,0.0
2015-02-13 04:21:00,0.0
2015-02-13 04:21:59,0.0
2015-02-13 04:23:00,0.0
2015-02-13 04:24:00,0.0
2015-02-13 04:25:00,0.0
2015-02-13 04:25:59,0.0
2015-02-13 04:27:00,0.0
2015-02-13 04:27:59,0.0
2015-02-13 04:28:59,0.0
2015-02-13 04:30:00,0.0
2015-02-13 04:31:00,0.0
2015-02-13 04:32:00,0.0
2015-02-13 04:33:00,0.0
2015-02-13 04:34:00,0.0
2015-02-13 04:34:59,0.0
2015-02-13 04:36:00,0.0
2015-02-13 04:37:00,0.0
2015-02-13 04:38:00,0.0
2015-02-13 04:38:59,0.0
2015-02-13 04:40:00,0.0
2015-02-13 04:40:59,0.0
2015-02-13 04:41:59,0.0
2015-02-13 04:43:00,0.0
2015-02-13 04:44:00,0.0
2015-02-13 04:45:00,0.0
2015-02-13 04:46:00,0.0
2015-02-13 04:46:59,0.0
2015-02-13 04:47:59,0.0
2015-02-13 04:49:00,0.0
2015-02-13 04:50:00,0.0
2015-02-13 04:51:00,0.0
2015-02-13 04:52:00,0.0
2015-02-13 04:53:00,0.0
2015-02-13 04:53:59,0.0
2015-02-13 04:54:59,0.0
2015-02-13 04:56:00,0.0
2015-02-13 04:57:00,0.0
2015-02-13 04:58:00,0.0
2015-02-13 04:59:00,0.0
2015-02-13 04:59:59,0.0
2015-02-13 05:00:59,0.0
2015-02-13 05:02:00,0.0
2015-02-13 05:03:00,0.0
2015-02-13 05:04:00,0.0
2015-02-13 05:05:00,0.0
2015-02-13 05:06:00,0.0
2015-02-13 05:06:59,0.0
2015-02-13 05:08:00,0.0
2015-02-13 05:09:00,0.0
2015-02-13 05:10:00,0.0
2015-02-13 05:10:59,0.0
2015-02-13 05:12:00,0.0
2015-02-13 05:12:59,0.0
2015-02-13 05:13:59,0.0
2015-02-13 05:15:00,0.0
2015-02-13 05:16:00,0.0
2015-02-13 05:17:00,0.0
2015-02-13 05:18:00,0.0
2015-02-13 05:19:00,0.0
2015-02-13 05:19:59,0.0
2015-02-13 05:21:00,0.0
2015-02-13 05:22:00,0.0
2015-02-13 05:23:00,0.0
2015-02-13 05:23:59,0.0
2015-02-13 05:25:00,0.0
2015-02-13 05:25:59,0.0
2015-02-13 05:26:59,0.0
2015-02-13 05:28:00,0.0
2015-02-13 05:29:00,0.0
2015-02-13 05:30:00,0.0
2015-02-13 05:31:00,0.0
2015-02-13 05:31:59,0.0
2015-02-13 05:32:59,0.0
2015-02-13 05:34:00,0.0
2015-02-13 05:35:00,0.0
2015-02-13 05:36:00,0.0
2015-02-13 05:37:00,0.0
2015-02-13 05:38:00,0.0
2015-02-13 05:38:59,0.0
2015-02-13 05:39:59,0.0
2015-02-13 05:41:00,0.0
2015-02-13 05:42:00,0.0
2015-02-13 05:43:00,0.0
2015-02-13 05:44:00,0.0
2015-02-13 05:44:59,0.0
2015-02-13 05:45:59,0.0
2015-02-13 05:47:00,0.0
2015-02-13 05:48:00,0.0
2015-02-13 05:49:00,0.0
2015-02-13 05:50:00,0.0
2015-02-13 05:51:00,0.0
2015-02-13 05:51:59,0.0
2015-02-13 05:53:00,0.0
2015-02-13 05:54:00,0.0
2015-02-13 05:55:00,0.0
2015-02-13 05:55:59,0.0
2015-02-13 05:57:00,0.0
2015-02-13 05:57:59,0.0
2015-02-13 05:58:59,0.0
2015-02-13 06:00:00,0.0
2015-02-13 06:01:00,0.0
2015-02-13 06:02:00,0.0
2015-02-13 06:03:00,0.0
2015-02-13 06:04:00,0.0
2015-02-13 06:04:59,0.0
2015-02-13 06:06:00,0.0
2015-02-13 06:07:00,0.0
2015-02-13 06:08:00,0.0
2015-02-13 06:08:59,0.0
2015-02-13 06:10:00,0.0
2015-02-13 06:10:59,0.0
2015-02-13 06:11:59,0.0
2015-02-13 06:13:00,0.0
2015-02-13 06:14:00,0.0
2015-02-13 06:15:00,0.0
2015-02-13 06:16:00,0.0
2015-02-13 06:16:59,0.0
2015-02-13 06:17:59,0.0
2015-02-13 06:19:00,0.0
2015-02-13 06:20:00,0.0
2015-02-13 06:21:00,0.0
2015-02-13 06:22:00,0.0
2015-02-13 06:23:00,0.0
2015-02-13 06:23:59,0.0
2015-02-13 06:24:59,0.0
2015-02-13 06:26:00,0.0
2015-02-13 06:27:00,0.0
2015-02-13 06:28:00,0.0
2015-02-13 06:29:00,0.0
2015-02-13 06:29:59,0.0
2015-02-13 06:30:59,0.0
2015-02-13 06:32:00,0.0
2015-02-13 06:33:00,0.0
2015-02-13 06:34:00,0.0
2015-02-13 06:35:00,0.0
2015-02-13 06:36:00,0.0
2015-02-13 06:36:59,0.0
2015-02-13 06:38:00,0.0
2015-02-13 06:39:00,0.0
2015-02-13 06:40:00,0.0
2015-02-13 06:40:59,0.0
2015-02-13 06:42:00,0.0
2015-02-13 06:42:59,0.0
2015-02-13 06:43:59,0.0
2015-02-13 06:45:00,0.0
2015-02-13 06:46:00,0.0
2015-02-13 06:47:00,0.0
2015-02-13 06:48:00,0.0
2015-02-13 06:49:00,0.0
2015-02-13 06:49:59,0.0
2015-02-13 06:51:00,0.0
2015-02-13 06:52:00,0.0
2015-02-13 06:53:00,0.0
2015-02-13 06:53:59,0.0
2015-02-13 06:55:00,0.0
2015-02-13 06:55:59,0.0
2015-02-13 06:56:59,0.0
2015-02-13 06:58:00,0.0
2015-02-13 06:59:00,0.0
2015-02-13 07:00:00,0.0
2015-02-13 07:01:00,0.0
2015-02-13 07:01:59,0.0
2015-02-13 07:02:59,0.0
2015-02-13 07:04:00,0.0
2015-02-13 07:05:00,0.0
2015-02-13 07:06:00,0.0
2015-02-13 07:07:00,0.0
2015-02-13 07:08:00,0.0
2015-02-13 07:08:59,0.0
2015-02-13 07:09:59,0.0
2015-02-13 07:11:00,0.0
2015-02-13 07:12:00,0.0
2015-02-13 07:13:00,0.0
2015-02-13 07:14:00,0.0
2015-02-13 07:14:59,0.0
2015-02-13 07:15:59,0.0
2015-02-13 07:17:00,0.0
2015-02-13 07:18:00,0.0
2015-02-13 07:19:00,0.0
2015-02-13 07:20:00,0.0
2015-02-13 07:21:00,0.0
2015-02-13 07:21:59,0.0
2015-02-13 07:23:00,0.0
2015-02-13 07:24:00,0.0
2015-02-13 07:25:00,0.0
2015-02-13 07:25:59,0.0
2015-02-13 07:27:00,0.0
2015-02-13 07:27:59,0.0
2015-02-13 07:28:59,0.0
2015-02-13 07:30:00,0.0
2015-02-13 07:31:00,0.0
2015-02-13 07:32:00,0.0
2015-02-13 07:33:00,0.0
2015-02-13 07:34:00,0.0
2015-02-13 07:34:59,0.0
2015-02-13 07:36:00,0.0
2015-02-13 07:37:00,0.0
2015-02-13 07:38:00,0.0
2015-02-13 07:38:59,0.0
2015-02-13 07:40:00,0.0
2015-02-13 07:40:59,0.0
2015-02-13 07:41:59,0.0
2015-02-13 07:43:00,0.0
2015-02-13 07:44:00,0.0
2015-02-13 07:45:00,0.0
2015-02-13 07:46:00,0.0
2015-02-13 07:46:59,0.0
2015-02-13 07:47:59,0.0
2015-02-13 07:49:00,0.0
2015-02-13 07:50:00,0.0
2015-02-13 07:51:00,0.0
2015-02-13 07:52:00,0.0
2015-02-13 07:53:00,0.0
2015-02-13 07:53:59,0.0
2015-02-13 07:54:59,0.0
2015-02-13 07:56:00,0.0
2015-02-13 07:57:00,0.0
2015-02-13 07:58:00,0.0
2015-02-13 07:59:00,0.0
2015-02-13 07:59:59,0.0
2015-02-13 08:00:59,0.0
2015-02-13 08:02:00,0.0
2015-02-13 08:03:00,0.0072244547794283655
2015-02-13 08:04:00,0.014448909558856731
2015-02-13 08:05:00,0.014448909558856731
2015-02-13 08:06:00,0.014448909558856731
2015-02-13 08:06:59,0.014448909558856731
2015-02-13 08:08:00,0.014448909558856731
2015-02-13 08:09:00,0.014448909558856731
2015-02-13 08:10:00,0.014448909558856731
2015-02-13 08:10:59,0.014448909558856731
2015-02-13 08:12:00,0.009632606372571151
2015-02-13 08:12:59,0.009632606372571151
2015-02-13 08:13:59,0.014448909558856731
2015-02-13 08:15:00,0.009632606372571151
2015-02-13 08:16:00,0.014448909558856731
2015-02-13 08:17:00,0.013760866246530187
2015-02-13 08:18:00,0.006192389810938599
2015-02-13 08:19:00,0.006192389810938599
2015-02-13 08:19:59,0.006192389810938599
2015-02-13 08:21:00,0.006192389810938599
2015-02-13 08:22:00,0.024769559243754395
2015-02-13 08:23:00,0.024769559243754395
2015-02-13 08:23:59,0.01909320191706068
2015-02-13 08:25:00,0.007740487263673248
2015-02-13 08:25:59,0.0092885847164079
2015-02-13 08:26:59,0.013416844590366964
2015-02-13 08:28:00,0.01135271465338743
2015-02-13 08:29:00,0.015480974527346496
2015-02-13 08:30:00,0.015480974527346496
2015-02-13 08:31:00,0.01754510446432603
2015-02-13 08:31:59,0.014448909558856731
2015-02-13 08:32:59,0.02442553758759117
2015-02-13 08:34:00,0.03199401402318276
2015-02-13 08:35:00,0.02442553758759117
2015-02-13 08:36:00,0.02442553758759117
2015-02-13 08:37:00,0.03199401402318276
2015-02-13 08:38:00,0.01960923440130556
2015-02-13 08:38:59,0.01960923440130556
2015-02-13 08:39:59,0.01960923440130556
2015-02-13 08:41:00,0.01960923440130556
2015-02-13 08:42:00,0.01960923440130556
2015-02-13 08:43:00,0.01960923440130556
2015-02-13 08:44:00,0.03818640383412136
2015-02-13 08:44:59,0.03818640383412136
2015-02-13 08:45:59,0.03818640383412136
2015-02-13 08:47:00,0.031649992367019535
2015-02-13 08:48:00,0.034574176444407176
2015-02-13 08:49:00,0.034058143960162296
2015-02-13 08:50:00,0.0433467286765702
2015-02-13 08:51:00,0.05469944332995762
2015-02-13 08:51:59,0.0512592267683251
2015-02-13 08:53:00,0.06037580065665135
2015-02-13 08:54:00,0.05848368154775348
2015-02-13 08:55:00,0.06037580065665135
2015-02-13 08:55:59,0.0667402012956716
2015-02-13 08:57:00,0.3390333421488883
2015-02-13 08:57:59,0.5153444409325564
2015-02-13 08:58:59,0.5266971555859438
2015-02-13 09:00:00,0.5229129173681487
2015-02-13 09:01:00,0.5273851988982707
2015-02-13 09:02:00,0.5180966141818628
2015-02-13 09:03:00,0.5366737836146785
2015-02-13 09:04:00,0.5067438995284753
2015-02-13 09:04:59,0.5242890039928014
2015-02-13 09:06:00,0.5242890039928014
2015-02-13 09:07:00,0.5279012313825155
2015-02-13 09:08:00,0.5129362893394139
2015-02-13 09:08:59,0.5119042243709242
2015-02-13 09:10:00,0.5239449823366386
2015-02-13 09:10:59,0.526009112273618
2015-02-13 09:11:59,0.5469944332995763
2015-02-13 09:13:00,0.5449303033625967
2015-02-13 09:14:00,0.5325455237407195
2015-02-13 09:15:00,0.5511226931735353
2015-02-13 09:16:00,0.5565410342581066
2015-02-13 09:16:59,0.5583471479529637
2015-02-13 09:17:59,0.5769243173857795
2015-02-13 09:19:00,0.5844927938213708
2015-02-13 09:20:00,0.5738281224803102
2015-02-13 09:21:00,0.583116707196718
2015-02-13 09:22:00,0.6016938766295339
2015-02-13 09:23:00,0.5885350482812893
2015-02-13 09:23:59,0.5903411619761465
2015-02-13 09:24:59,0.6078862664404725
2015-02-13 09:26:00,0.6041020282226763
2015-02-13 09:27:00,0.6114984938301866
2015-02-13 09:28:00,0.6104664288616969
2015-02-13 09:29:00,0.6274955008417781
2015-02-13 09:29:59,0.6259474033890434
2015-02-13 09:30:59,0.6213031110308395
2015-02-13 09:32:00,0.6213031110308395
2015-02-13 09:33:00,0.6277535170839005
2015-02-13 09:34:00,0.6406543291900226
2015-02-13 09:35:00,0.6646498397074097
2015-02-13 09:36:00,0.6496848976643079
2015-02-13 09:36:59,0.6811628792032459
2015-02-13 09:38:00,0.663101742254675
2015-02-13 09:39:00,0.6557052766471647
2015-02-13 09:40:00,0.6736804081816951
2015-02-13 09:40:59,0.6828829874840625
2015-02-13 09:42:00,0.7038683085100208
2015-02-13 09:42:59,0.6883873339826743
2015-02-13 09:43:59,0.7079965683839798
2015-02-13 09:45:00,0.6928596155127963
2015-02-13 09:46:00,0.7214134129743468
2015-02-13 09:47:00,0.7374104199859381
2015-02-13 09:48:00,0.7281218352695303
2015-02-13 09:49:00,0.79572209070561
2015-02-13 09:49:59,0.7399905824071626
2015-02-13 09:51:00,0.7497951996078154
2015-02-13 09:52:00,0.7575356868714886
2015-02-13 09:53:00,0.7812731811467533
2015-02-13 09:53:59,0.7619219629875702
2015-02-13 09:55:00,0.7637280766824273
2015-02-13 09:55:59,0.7575356868714886
2015-02-13 09:56:59,0.7727586451567127
2015-02-13 09:58:00,0.7554715569345091
2015-02-13 09:59:00,0.7500532158499378
2015-02-13 10:00:00,0.760631881776958
2015-02-13 10:01:00,0.7466990047023461
2015-02-13 10:01:59,0.729669932722265
2015-02-13 10:02:59,0.7436028097968768
2015-02-13 10:04:00,0.7374104199859381
2015-02-13 10:05:00,0.7668242715878966
2015-02-13 10:06:00,0.7482471021550807
2015-02-13 10:07:00,0.74076463113353
2015-02-13 10:08:00,0.7466990047023461
2015-02-13 10:08:59,0.7503112320920603
2015-02-13 10:09:59,0.7436028097968768
2015-02-13 10:11:00,0.7482471021550807
2015-02-13 10:12:00,0.7454089234917339
2015-02-13 10:13:00,0.7621799792296926
2015-02-13 10:14:00,0.7565036219029989
2015-02-13 10:14:59,0.7654481849632438
2015-02-13 10:15:59,0.7675983203142639
2015-02-13 10:17:00,0.7704364989776107
2015-02-13 10:18:00,0.7740487263673249
2015-02-13 10:19:00,0.7740487263673249
2015-02-13 10:20:00,0.7629540279560599
2015-02-13 10:21:00,0.7740487263673249
2015-02-13 10:21:59,0.7740487263673249
2015-02-13 10:23:00,0.7740487263673249
2015-02-13 10:24:00,0.7766288887885493
2015-02-13 10:25:00,0.7915938308316509
2015-02-13 10:25:59,0.7840253543960596
2015-02-13 10:27:00,0.7766288887885493
2015-02-13 10:27:59,0.7878095926138549
2015-02-13 10:28:59,0.7902177442069982
2015-02-13 10:30:00,0.7877235871998143
2015-02-13 10:31:00,0.8034625779692832
2015-02-13 10:32:00,0.7988182856110793
2015-02-13 10:33:00,0.8081068703274872
2015-02-13 10:34:00,0.7988182856110793
2015-02-13 10:34:59,0.7864335059892021
2015-02-13 10:36:00,0.7988182856110793
2015-02-13 10:37:00,0.8081068703274872
2015-02-13 10:38:00,0.8081068703274872
2015-02-13 10:38:59,0.8173954550438951
2015-02-13 10:40:00,0.7988182856110793
2015-02-13 10:40:59,0.8112030652329565
2015-02-13 10:41:59,0.8220397474020991
2015-02-13 10:43:00,0.8173954550438951
2015-02-13 10:44:00,0.8173954550438951
2015-02-13 10:45:00,0.8235878448548337
2015-02-13 10:46:00,0.8220397474020991
2015-02-13 10:46:59,0.8050106754220179
2015-02-13 10:47:59,0.7988182856110793
2015-02-13 10:49:00,0.7988182856110793
2015-02-13 10:50:00,0.815589341349038
2015-02-13 10:51:00,0.8173954550438951
2015-02-13 10:52:00,0.7988182856110793
2015-02-13 10:53:00,0.8016564642744262
2015-02-13 10:53:59,0.7988182856110793
2015-02-13 10:54:59,0.7988182856110793
2015-02-13 10:56:00,0.8081068703274872
2015-02-13 10:57:00,0.8109450489908341
2015-02-13 10:58:00,0.7988182856110793
2015-02-13 10:59:00,0.8081068703274872
2015-02-13 10:59:59,0.8173954550438951
2015-02-13 11:00:59,0.8109450489908341
2015-02-13 11:02:00,0.7988182856110793
2015-02-13 11:03:00,0.8109450489908341
2015-02-13 11:04:00,0.8137832276541809
2015-02-13 11:05:00,0.8137832276541809
2015-02-13 11:06:00,0.8119771139593238
2015-02-13 11:06:59,0.8212656986757317
2015-02-13 11:08:00,0.8287481696972825
2015-02-13 11:09:00,0.8101710002644668
2015-02-13 11:10:00,0.8101710002644668
2015-02-13 11:10:59,0.8101710002644668
2015-02-13 11:12:00,0.8101710002644668
2015-02-13 11:12:59,0.8207496661914868
2015-02-13 11:13:59,0.8179114875281399
2015-02-13 11:15:00,0.8039786104535281
2015-02-13 11:16:00,0.8039786104535281
2015-02-13 11:17:00,0.8132671951699361
2015-02-13 11:18:00,0.8101710002644668
2015-02-13 11:19:00,0.8225557798863441
2015-02-13 11:19:59,0.8179114875281399
2015-02-13 11:21:00,0.8225557798863441
2015-02-13 11:22:00,0.8179114875281399
2015-02-13 11:23:00,0.8039786104535281
2015-02-13 11:23:59,0.8163633900754054
2015-02-13 11:25:00,0.8179114875281399
2015-02-13 11:25:59,0.8225557798863441
2015-02-13 11:26:59,0.8225557798863441
2015-02-13 11:28:00,0.8225557798863441
2015-02-13 11:29:00,0.8269420560024254
2015-02-13 11:30:00,0.8269420560024254
2015-02-13 11:31:00,0.8284041480411196
2015-02-13 11:31:59,0.8225557798863441
2015-02-13 11:32:59,0.8284041480411196
2015-02-13 11:34:00,0.8225557798863441
2015-02-13 11:35:00,0.8289545826909805
2015-02-13 11:36:00,0.8353533854956171
2015-02-13 11:37:00,0.8310703158763845
2015-02-13 11:38:00,0.8189435524966298
2015-02-13 11:38:59,0.8339084945397314
2015-02-13 11:39:59,0.8385527868979353
2015-02-13 11:41:00,0.8339084945397314
2015-02-13 11:42:00,0.8339084945397314
2015-02-13 11:43:00,0.8339084945397314
2015-02-13 11:44:00,0.8227621928800419
2015-02-13 11:44:59,0.8277161047287928
2015-02-13 11:45:59,0.8246199098233234
2015-02-13 11:47:00,0.8292642021815274
2015-02-13 11:48:00,0.8302962671500171
2015-02-13 11:49:00,0.8246199098233234
2015-02-13 11:50:00,0.8469813174739353
2015-02-13 11:51:00,0.8321023808448743
2015-02-13 11:51:59,0.8352845811643841
2015-02-13 11:53:00,0.8333924620554864
2015-02-13 11:54:00,0.8452612091931188
2015-02-13 11:55:00,0.8302962671500171
2015-02-13 11:55:59,0.8452612091931188
2015-02-13 11:57:00,0.8321023808448743
2015-02-13 11:57:59,0.8277161047287928
2015-02-13 11:58:59,0.8277161047287928
2015-02-13 12:00:00,0.8308122996342621
2015-02-13 12:01:00,0.8184275200123848
2015-02-13 12:02:00,0.8344245270239763
2015-02-13 12:03:00,0.8277161047287928
2015-02-13 12:04:00,0.8287481696972825
2015-02-13 12:04:59,0.8287481696972825
2015-02-13 12:06:00,0.8204916499493644
2015-02-13 12:07:00,0.8173954550438951
2015-02-13 12:08:00,0.8228137961284664
2015-02-13 12:08:59,0.8187715416685478
2015-02-13 12:10:00,0.8132671951699361
2015-02-13 12:10:59,0.8074188270151603
2015-02-13 12:11:59,0.8068167891168749
2015-02-13 12:13:00,0.79572209070561
2015-02-13 12:14:00,0.8220397474020991
2015-02-13 12:15:00,0.8108590435767935
2015-02-13 12:16:00,0.8077628486713243
2015-02-13 12:16:59,0.8032045617271608
2015-02-13 12:17:59,0.7967541556740998
2015-02-13 12:19:00,0.8078488540853648
2015-02-13 12:20:00,0.7998503505795691
2015-02-13 12:21:00,0.7977862206425895
2015-02-13 12:22:00,0.7910777983474061
2015-02-13 12:23:00,0.8060427403905077
2015-02-13 12:23:59,0.7977862206425895
2015-02-13 12:24:59,0.7846273922943449
2015-02-13 12:26:00,0.7981302422987525
2015-02-13 12:27:00,0.7930387217875365
2015-02-13 12:28:00,0.7895297008946714
2015-02-13 12:29:00,0.7897877171367939
2015-02-13 12:29:59,0.7840253543960596
2015-02-13 12:30:59,0.7771449212727942
2015-02-13 12:32:00,0.7840253543960596
2015-02-13 12:33:00,0.7859174735049572
2015-02-13 12:34:00,0.782305246115243
2015-02-13 12:35:00,0.7905617658631612
2015-02-13 12:36:00,0.7878095926138549
2015-02-13 12:36:59,0.782305246115243
2015-02-13 12:38:00,0.7786930187255289
2015-02-13 12:39:00,0.7657922066194067
2015-02-13 12:40:00,0.7745647588515698
2015-02-13 12:40:59,0.7915938308316509
2015-02-13 12:42:00,0.7750807913358146
2015-02-13 12:42:59,0.7723286180865083
2015-02-13 12:43:59,0.7688884015248759
2015-02-13 12:45:00,0.760631881776958
2015-02-13 12:46:00,0.767082287830019
2015-02-13 12:47:00,0.7632120441981823
2015-02-13 12:48:00,0.7632120441981823
2015-02-13 12:49:00,0.7503112320920603
2015-02-13 12:49:59,0.7678563365563863
2015-02-13 12:51:00,0.7733606830549979
2015-02-13 12:52:00,0.7590837843242233
2015-02-13 12:53:00,0.7637280766824273
2015-02-13 12:53:59,0.7595998168084682
2015-02-13 12:55:00,0.7595998168084682
2015-02-13 12:55:59,0.7549555244502643
2015-02-13 12:56:59,0.7568476435591618
2015-02-13 12:58:00,0.7575356868714886
2015-02-13 12:59:00,0.7577937031136109
2015-02-13 13:00:00,0.4389716332643137
2015-02-13 13:01:00,0.29207438608260394
2015-02-13 13:01:59,0.27349721664978816
2015-02-13 13:02:59,0.27349721664978816
2015-02-13 13:04:00,0.26524069690187
2015-02-13 13:05:00,0.2765934115552574
2015-02-13 13:06:00,0.26936895677582906
2015-02-13 13:07:00,0.26730482683884954
2015-02-13 13:08:00,0.26730482683884954
2015-02-13 13:08:59,0.25621012842758456
2015-02-13 13:09:59,0.2497597223745235
2015-02-13 13:11:00,0.2487276574060337
2015-02-13 13:12:00,0.2600803720594212
2015-02-13 13:13:00,0.2538879822484826
2015-02-13 13:14:00,0.2507917873430133
2015-02-13 13:14:59,0.2448574137741971
2015-02-13 13:15:59,0.2600803720594212
2015-02-13 13:17:00,0.2538879822484826
2015-02-13 13:18:00,0.2538879822484826
2015-02-13 13:19:00,0.247695592437544
2015-02-13 13:20:00,0.2353108128156668
2015-02-13 13:21:00,0.23814899147901364
2015-02-13 13:21:59,0.2363428777841565
2015-02-13 13:23:00,0.2466635274690542
2015-02-13 13:24:00,0.23273065039444235
2015-02-13 13:25:00,0.23273065039444235
2015-02-13 13:25:59,0.234278747847177
2015-02-13 13:27:00,0.2329886666365648
2015-02-13 13:27:59,0.234278747847177
2015-02-13 13:28:59,0.24511543001631955
2015-02-13 13:30:00,0.2218939682252998
2015-02-13 13:31:00,0.23685891026840145
2015-02-13 13:32:00,0.22008785453044272
2015-02-13 13:33:00,0.2157015784143612
2015-02-13 13:34:00,0.2157015784143612
2015-02-13 13:34:59,0.21982983828832028
2015-02-13 13:36:00,0.21105728605615728
2015-02-13 13:37:00,0.27108906505664565
2015-02-13 13:38:00,0.4525604886827626
2015-02-13 13:38:59,0.6749704893923073
2015-02-13 13:40:00,0.6899354314354089
2015-02-13 13:40:59,0.7021482002292042
2015-02-13 13:41:59,0.6860651878035723
2015-02-13 13:43:00,0.6969018699727149
2015-02-13 13:44:00,0.6904514639196538
2015-02-13 13:45:00,0.6886453502247967
2015-02-13 13:46:00,0.6766905976731239
2015-02-13 13:46:59,0.6803888304768786
2015-02-13 13:47:59,0.6832270091402255
2015-02-13 13:49:00,0.6723903269710829
2015-02-13 13:50:00,0.6691221212375317
2015-02-13 13:51:00,0.6643918234652872
2015-02-13 13:52:00,0.6667139696443892
2015-02-13 13:53:00,0.64985690849239
2015-02-13 13:53:59,0.6543291900225121
2015-02-13 13:54:59,0.6567373416156544
2015-02-13 13:56:00,0.6535551412961447
2015-02-13 13:57:00,0.6514910113591651
2015-02-13 13:58:00,0.6424604428848797
2015-02-13 13:59:00,0.6471047352430837
2015-02-13 13:59:59,0.6476207677273285
2015-02-13 14:00:59,0.6519210384293695
2015-02-13 14:02:00,0.6375581342845533
2015-02-13 14:03:00,0.6467607135869207
2015-02-13 14:04:00,0.6311077282314922
2015-02-13 14:05:00,0.6299036524349205
2015-02-13 14:06:00,0.6269794683575332
2015-02-13 14:06:59,0.6274955008417781
2015-02-13 14:08:00,0.6362680530739411
2015-02-13 14:09:00,0.6295596307787575
2015-02-13 14:10:00,0.6250873492486356
2015-02-13 14:10:59,0.6151107212199008
2015-02-13 14:12:00,0.6109824613459418
2015-02-13 14:12:59,0.6174328673990028
2015-02-13 14:13:59,0.6120145263144315
2015-02-13 14:15:00,0.6078862664404725
2015-02-13 14:16:00,0.6037580065665135
2015-02-13 14:17:00,0.6037580065665135
2015-02-13 14:18:00,0.6063381689877378
2015-02-13 14:19:00,0.6086603151668398
2015-02-13 14:19:59,0.5841487721652079
2015-02-13 14:21:00,0.6063381689877378
2015-02-13 14:22:00,0.6042740390507583
2015-02-13 14:23:00,0.6022099091137788
2015-02-13 14:23:59,0.6006618116610442
2015-02-13 14:25:00,0.5882770320391669
2015-02-13 14:25:59,0.5855248587898606
2015-02-13 14:26:59,0.5926633081552485
2015-02-13 14:28:00,0.5908571944603913
2015-02-13 14:29:00,0.5975656167555748
2015-02-13 14:30:00,0.5931793406394933
2015-02-13 14:31:00,0.5800205122912488
2015-02-13 14:31:59,0.5782143985963917
2015-02-13 14:32:59,0.5764082849015346
2015-02-13 14:34:00,0.5913732269446362
2015-02-13 14:35:00,0.5893090970076567
2015-02-13 14:36:00,0.5810525772597386
2015-02-13 14:37:00,0.5769243173857795
2015-02-13 14:38:00,0.5696998626063511
2015-02-13 14:38:59,0.5746021712066776
2015-02-13 14:39:59,0.5700438842625141
2015-02-13 14:41:00,0.5645395377639023
2015-02-13 14:42:00,0.5645395377639023
2015-02-13 14:43:00,0.5575730992265964
2015-02-13 14:44:00,0.5721080141994936
2015-02-13 14:44:59,0.5645395377639023
2015-02-13 14:45:59,0.5691838301221063
2015-02-13 14:47:00,0.5707319275748409
2015-02-13 14:48:00,0.5552509530474944
2015-02-13 14:49:00,0.5569710613283111
2015-02-13 14:50:00,0.548026498268066
2015-02-13 14:51:00,0.5604112778899433
2015-02-13 14:51:59,0.5604112778899433
2015-02-13 14:53:00,0.5604112778899433
2015-02-13 14:54:00,0.55267079062627
2015-02-13 14:55:00,0.5449303033625967
2015-02-13 14:55:59,0.5495745957208007
2015-02-13 14:57:00,0.5340936211934542
2015-02-13 14:57:59,0.5456183466749236
2015-02-13 14:58:59,0.5511226931735353
2015-02-13 15:00:00,0.5456183466749236
2015-02-13 15:01:00,0.5346096536776991
2015-02-13 15:02:00,0.5346096536776991
2015-02-13 15:03:00,0.5294493288352502
2015-02-13 15:04:00,0.5299653613194951
2015-02-13 15:04:59,0.5408020434886377
2015-02-13 15:06:00,0.5356417186461888
2015-02-13 15:07:00,0.5330615562249644
2015-02-13 15:08:00,0.5253210689612912
2015-02-13 15:08:59,0.5253210689612912
2015-02-13 15:10:00,0.5211928090873321
2015-02-13 15:10:59,0.521536830743495
2015-02-13 15:11:59,0.53048139380374
2015-02-13 15:13:00,0.53048139380374
2015-02-13 15:14:00,0.5227409065400668
2015-02-13 15:15:00,0.5201607441188424
2015-02-13 15:16:00,0.5150004192763935
2015-02-13 15:16:59,0.5150004192763935
2015-02-13 15:17:59,0.5111301756445569
2015-02-13 15:19:00,0.5046797695914959
2015-02-13 15:20:00,0.5132803109955768
2015-02-13 15:21:00,0.5098400944339446
2015-02-13 15:22:00,0.5098400944339446
2015-02-13 15:23:00,0.5162905004870058
2015-02-13 15:23:59,0.5098400944339446
2015-02-13 15:24:59,0.5085500132233325
2015-02-13 15:26:00,0.5046797695914959
2015-02-13 15:27:00,0.5046797695914959
2015-02-13 15:28:00,0.4984873797805573
2015-02-13 15:29:00,0.4960792281874149
2015-02-13 15:29:59,0.4995194447490471
2015-02-13 15:30:59,0.4995194447490471
2015-02-13 15:32:00,0.4995194447490471
2015-02-13 15:33:00,0.4995194447490471
2015-02-13 15:34:00,0.4943591199065982
2015-02-13 15:35:00,0.4943591199065982
2015-02-13 15:36:00,0.4943591199065982
2015-02-13 15:36:59,0.4943591199065982
2015-02-13 15:38:00,0.4943591199065982
2015-02-13 15:39:00,0.4943591199065982
2015-02-13 15:40:00,0.4943591199065982
2015-02-13 15:40:59,0.4943591199065982
2015-02-13 15:42:00,0.4943591199065982
2015-02-13 15:42:59,0.4943591199065982
2015-02-13 15:43:59,0.4866186326429249
2015-02-13 15:45:00,0.4840384702217005
2015-02-13 15:46:00,0.4827483890110883
2015-02-13 15:47:00,0.4788781453792517
2015-02-13 15:48:00,0.4788781453792517
2015-02-13 15:49:00,0.4788781453792517
2015-02-13 15:49:59,0.4897148275483942
2015-02-13 15:51:00,0.4897148275483942
2015-02-13 15:52:00,0.4897148275483942
2015-02-13 15:53:00,0.4933270549381084
2015-02-13 15:53:59,0.4737178205368029
2015-02-13 15:55:00,0.4878227084394967
2015-02-13 15:55:59,0.4788781453792517
2015-02-13 15:56:59,0.4840384702217005
2015-02-13 15:58:00,0.4724277393261906
2015-02-13 15:59:00,0.468557495694354
2015-02-13 16:00:00,0.4693315444207213
2015-02-13 16:01:00,0.4747498855052926
2015-02-13 16:01:59,0.4582368460094564
2015-02-13 16:02:59,0.464085214164232
2015-02-13 16:04:00,0.4520444561985178
2015-02-13 16:05:00,0.4551406511039871
2015-02-13 16:06:00,0.4520444561985178
2015-02-13 16:07:00,0.4551406511039871
2015-02-13 16:08:00,0.4613330409149257
2015-02-13 16:08:59,0.4613330409149257
2015-02-13 16:09:59,0.4613330409149257
2015-02-13 16:11:00,0.4613330409149257
2015-02-13 16:12:00,0.4520444561985178
2015-02-13 16:13:00,0.4613330409149257
2015-02-13 16:14:00,0.4613330409149257
2015-02-13 16:14:59,0.4613330409149257
2015-02-13 16:15:59,0.4613330409149257
2015-02-13 16:17:00,0.4613330409149257
2015-02-13 16:18:00,0.4613330409149257
2015-02-13 16:19:00,0.4613330409149257
2015-02-13 16:20:00,0.4577208135252114
2015-02-13 16:21:00,0.4613330409149257
2015-02-13 16:21:59,0.4541085861354973
2015-02-13 16:23:00,0.4577208135252114
2015-02-13 16:24:00,0.4565167377286397
2015-02-13 16:25:00,0.4613330409149257
2015-02-13 16:25:59,0.4566887485567217
2015-02-13 16:27:00,0.4551406511039871
2015-02-13 16:27:59,0.4520444561985178
2015-02-13 16:28:59,0.4551406511039871
2015-02-13 16:30:00,0.4520444561985178
2015-02-13 16:31:00,0.4520444561985178
2015-02-13 16:32:00,0.4474001638403138
2015-02-13 16:33:00,0.4427558714821098
2015-02-13 16:34:00,0.4466261151139465
2015-02-13 16:34:59,0.4479161963245587
2015-02-13 16:36:00,0.4543666023776197
2015-02-13 16:37:00,0.4582368460094564
2015-02-13 16:38:00,0.4582368460094564
2015-02-13 16:38:59,0.4582368460094564
2015-02-13 16:40:00,0.4582368460094564
2015-02-13 16:40:59,0.4582368460094564
2015-02-13 16:41:59,0.4582368460094564
2015-02-13 16:43:00,0.4582368460094564
2015-02-13 16:44:00,0.4543666023776197
2015-02-13 16:45:00,0.4582368460094564
2015-02-13 16:46:00,0.4530765211670075
2015-02-13 16:46:59,0.4582368460094564
2015-02-13 16:47:59,0.4466261151139465
2015-02-13 16:49:00,0.4427558714821098
2015-02-13 16:50:00,0.4504963587457831
2015-02-13 16:51:00,0.4530765211670075
2015-02-13 16:52:00,0.4543666023776197
2015-02-13 16:53:00,0.4582368460094564
2015-02-13 16:53:59,0.4582368460094564
2015-02-13 16:54:59,0.4582368460094564
2015-02-13 16:56:00,0.4582368460094564
2015-02-13 16:57:00,0.4582368460094564
2015-02-13 16:58:00,0.4582368460094564
2015-02-13 16:59:00,0.4582368460094564
2015-02-13 16:59:59,0.4582368460094564
2015-02-13 17:00:59,0.4582368460094564
2015-02-13 17:02:00,0.4582368460094564
2015-02-13 17:03:00,0.4582368460094564
2015-02-13 17:04:00,0.4582368460094564
2015-02-13 17:05:00,0.4582368460094564
2015-02-13 17:06:00,0.4582368460094564
2015-02-13 17:06:59,0.4582368460094564
2015-02-13 17:08:00,0.4582368460094564
2015-02-13 17:09:00,0.4582368460094564
2015-02-13 17:10:00,0.4582368460094564
2015-02-13 17:10:59,0.4582368460094564
2015-02-13 17:12:00,0.4582368460094564
2015-02-13 17:12:59,0.4543666023776197
2015-02-13 17:13:59,0.4543666023776197
2015-02-13 17:15:00,0.4504963587457831
2015-02-13 17:16:00,0.4479161963245587
2015-02-13 17:17:00,0.4427558714821098
2015-02-13 17:18:00,0.4427558714821098
2015-02-13 17:19:00,0.4427558714821098
2015-02-13 17:19:59,0.4427558714821098
2015-02-13 17:21:00,0.4427558714821098
2015-02-13 17:22:00,0.4427558714821098
2015-02-13 17:23:00,0.4427558714821098
2015-02-13 17:23:59,0.4427558714821098
2015-02-13 17:25:00,0.4427558714821098
2015-02-13 17:25:59,0.4427558714821098
2015-02-13 17:26:59,0.4427558714821098
2015-02-13 17:28:00,0.4427558714821098
2015-02-13 17:29:00,0.4520444561985178
2015-02-13 17:30:00,0.4551406511039871
2015-02-13 17:31:00,0.4370795141554161
2015-02-13 17:31:59,0.4370795141554161
2015-02-13 17:32:59,0.4419818227557425
2015-02-13 17:34:00,0.4370795141554161
2015-02-13 17:35:00,0.4403477198889674
2015-02-13 17:36:00,0.4468841313560689
2015-02-13 17:37:00,0.4468841313560689
2015-02-13 17:38:00,0.4468841313560689
2015-02-13 17:38:59,0.4468841313560689
2015-02-13 17:39:59,0.4468841313560689
2015-02-13 17:41:00,0.4468841313560689
2015-02-13 17:42:00,0.4468841313560689
2015-02-13 17:43:00,0.4468841313560689
2015-02-13 17:44:00,0.43965967657664057
2015-02-13 17:44:59,0.43243522179721217
2015-02-13 17:45:59,0.43243522179721217
2015-02-13 17:47:00,0.43243522179721217
2015-02-13 17:48:00,0.43243522179721217
2015-02-13 17:49:00,0.43243522179721217
2015-02-13 17:50:00,0.43243522179721217
2015-02-13 17:51:00,0.43243522179721217
2015-02-13 17:51:59,0.43243522179721217
2015-02-13 17:53:00,0.43243522179721217
2015-02-13 17:54:00,0.43243522179721217
2015-02-13 17:55:00,0.43243522179721217
2015-02-13 17:55:59,0.43243522179721217
2015-02-13 17:57:00,0.43243522179721217
2015-02-13 17:57:59,0.43243522179721217
2015-02-13 17:58:59,0.43243522179721217
2015-02-13 18:00:00,0.43243522179721217
2015-02-13 18:01:00,0.43243522179721217
2015-02-13 18:02:00,0.43243522179721217
2015-02-13 18:03:00,0.43243522179721217
2015-02-13 18:04:00,0.42469473453353895
2015-02-13 18:04:59,0.0
2015-02-13 18:06:00,0.0
2015-02-13 18:07:00,0.0
2015-02-13 18:08:00,0.0
2015-02-13 18:08:59,0.0
2015-02-13 18:10:00,0.0
2015-02-13 18:10:59,0.0
2015-02-13 18:11:59,0.0
2015-02-13 18:13:00,0.0
2015-02-13 18:14:00,0.0
2015-02-13 18:15:00,0.0
2015-02-13 18:16:00,0.0
2015-02-13 18:16:59,0.0
2015-02-13 18:17:59,0.0
2015-02-13 18:19:00,0.0
2015-02-13 18:20:00,0.0
2015-02-13 18:21:00,0.0
2015-02-13 18:22:00,0.0
2015-02-13 18:23:00,0.0
2015-02-13 18:23:59,0.0
2015-02-13 18:24:59,0.0
2015-02-13 18:26:00,0.0
2015-02-13 18:27:00,0.0
2015-02-13 18:28:00,0.0
2015-02-13 18:29:00,0.0
2015-02-13 18:29:59,0.0
2015-02-13 18:30:59,0.0
2015-02-13 18:32:00,0.0
2015-02-13 18:33:00,0.0
2015-02-13 18:34:00,0.0
2015-02-13 18:35:00,0.0
2015-02-13 18:36:00,0.0
2015-02-13 18:36:59,0.0
2015-02-13 18:38:00,0.0
2015-02-13 18:39:00,0.0
2015-02-13 18:40:00,0.0
2015-02-13 18:40:59,0.0
2015-02-13 18:42:00,0.0
2015-02-13 18:42:59,0.0
2015-02-13 18:43:59,0.0
2015-02-13 18:45:00,0.0
2015-02-13 18:46:00,0.0
2015-02-13 18:47:00,0.0
2015-02-13 18:48:00,0.0
2015-02-13 18:49:00,0.0
2015-02-13 18:49:59,0.0
2015-02-13 18:51:00,0.0
2015-02-13 18:52:00,0.0
2015-02-13 18:53:00,0.0
2015-02-13 18:53:59,0.0
2015-02-13 18:55:00,0.0
2015-02-13 18:55:59,0.0
2015-02-13 18:56:59,0.0
2015-02-13 18:58:00,0.0
2015-02-13 18:59:00,0.0
2015-02-13 19:00:00,0.0
2015-02-13 19:01:00,0.0
2015-02-13 19:01:59,0.0
2015-02-13 19:02:59,0.0
2015-02-13 19:04:00,0.0
2015-02-13 19:05:00,0.0
2015-02-13 19:06:00,0.0
2015-02-13 19:07:00,0.0
2015-02-13 19:08:00,0.0
2015-02-13 19:08:59,0.0
2015-02-13 19:09:59,0.0
2015-02-13 19:11:00,0.0
2015-02-13 19:12:00,0.0
2015-02-13 19:13:00,0.0
2015-02-13 19:14:00,0.0
2015-02-13 19:14:59,0.0
2015-02-13 19:15:59,0.0
2015-02-13 19:17:00,0.0
2015-02-13 19:18:00,0.0
2015-02-13 19:19:00,0.0
2015-02-13 19:20:00,0.0
2015-02-13 19:21:00,0.0
2015-02-13 19:21:59,0.0
2015-02-13 19:23:00,0.0
2015-02-13 19:24:00,0.0
2015-02-13 19:25:00,0.0
2015-02-13 19:25:59,0.0
2015-02-13 19:27:00,0.0
2015-02-13 19:27:59,0.0
2015-02-13 19:28:59,0.0
2015-02-13 19:30:00,0.0
2015-02-13 19:31:00,0.0
2015-02-13 19:32:00,0.0
2015-02-13 19:33:00,0.0
2015-02-13 19:34:00,0.0
2015-02-13 19:34:59,0.0
2015-02-13 19:36:00,0.0
2015-02-13 19:37:00,0.0
2015-02-13 19:38:00,0.0
2015-02-13 19:38:59,0.0
2015-02-13 19:40:00,0.0
2015-02-13 19:40:59,0.0
2015-02-13 19:41:59,0.0
2015-02-13 19:43:00,0.0
2015-02-13 19:44:00,0.0
2015-02-13 19:45:00,0.0
2015-02-13 19:46:00,0.0
2015-02-13 19:46:59,0.0
2015-02-13 19:47:59,0.0
2015-02-13 19:49:00,0.0
2015-02-13 19:50:00,0.0
2015-02-13 19:51:00,0.0
2015-02-13 19:52:00,0.0
2015-02-13 19:53:00,0.0
2015-02-13 19:53:59,0.0
2015-02-13 19:54:59,0.0
2015-02-13 19:56:00,0.0
2015-02-13 19:57:00,0.0
2015-02-13 19:58:00,0.0
2015-02-13 19:59:00,0.0
2015-02-13 19:59:59,0.0
2015-02-13 20:00:59,0.0
2015-02-13 20:02:00,0.0
2015-02-13 20:03:00,0.0
2015-02-13 20:04:00,0.0
2015-02-13 20:05:00,0.0
2015-02-13 20:06:00,0.0
2015-02-13 20:06:59,0.0
2015-02-13 20:08:00,0.0
2015-02-13 20:09:00,0.0
2015-02-13 20:10:00,0.0
2015-02-13 20:10:59,0.0
2015-02-13 20:12:00,0.0
2015-02-13 20:12:59,0.0
2015-02-13 20:13:59,0.0
2015-02-13 20:15:00,0.0
2015-02-13 20:16:00,0.0
2015-02-13 20:17:00,0.0
2015-02-13 20:18:00,0.0
2015-02-13 20:19:00,0.0
2015-02-13 20:19:59,0.0
2015-02-13 20:21:00,0.0
2015-02-13 20:22:00,0.0
2015-02-13 20:23:00,0.0
2015-02-13 20:23:59,0.0
2015-02-13 20:25:00,0.0
2015-02-13 20:25:59,0.0
2015-02-13 20:26:59,0.0
2015-02-13 20:28:00,0.0
2015-02-13 20:29:00,0.0
2015-02-13 20:30:00,0.0
2015-02-13 20:31:00,0.0
2015-02-13 20:31:59,0.0
2015-02-13 20:32:59,0.0
2015-02-13 20:34:00,0.0
2015-02-13 20:35:00,0.0
2015-02-13 20:36:00,0.0
2015-02-13 20:37:00,0.0
2015-02-13 20:38:00,0.0
2015-02-13 20:38:59,0.0
2015-02-13 20:39:59,0.0
2015-02-13 20:41:00,0.0
2015-02-13 20:42:00,0.0
2015-02-13 20:43:00,0.0
2015-02-13 20:44:00,0.0
2015-02-13 20:44:59,0.0
2015-02-13 20:45:59,0.0
2015-02-13 20:47:00,0.0
2015-02-13 20:48:00,0.0
2015-02-13 20:49:00,0.0
2015-02-13 20:50:00,0.0
2015-02-13 20:51:00,0.0
2015-02-13 20:51:59,0.0
2015-02-13 20:53:00,0.0
2015-02-13 20:54:00,0.0
2015-02-13 20:55:00,0.0
2015-02-13 20:55:59,0.0
2015-02-13 20:57:00,0.0
2015-02-13 20:57:59,0.0
2015-02-13 20:58:59,0.0
2015-02-13 21:00:00,0.0
2015-02-13 21:01:00,0.0
2015-02-13 21:02:00,0.0
2015-02-13 21:03:00,0.0
2015-02-13 21:04:00,0.0
2015-02-13 21:04:59,0.0
2015-02-13 21:06:00,0.0
2015-02-13 21:07:00,0.0
2015-02-13 21:08:00,0.0
2015-02-13 21:08:59,0.0
2015-02-13 21:10:00,0.0
2015-02-13 21:10:59,0.0
2015-02-13 21:11:59,0.0
2015-02-13 21:13:00,0.0
2015-02-13 21:14:00,0.0
2015-02-13 21:15:00,0.0
2015-02-13 21:16:00,0.0
2015-02-13 21:16:59,0.0
2015-02-13 21:17:59,0.0
2015-02-13 21:19:00,0.0
2015-02-13 21:20:00,0.0
2015-02-13 21:21:00,0.0
2015-02-13 21:22:00,0.0
2015-02-13 21:23:00,0.0
2015-02-13 21:23:59,0.0
2015-02-13 21:24:59,0.0
2015-02-13 21:26:00,0.0
2015-02-13 21:27:00,0.0
2015-02-13 21:28:00,0.0
2015-02-13 21:29:00,0.0
2015-02-13 21:29:59,0.0
2015-02-13 21:30:59,0.0
2015-02-13 21:32:00,0.0
2015-02-13 21:33:00,0.0
2015-02-13 21:34:00,0.0
2015-02-13 21:35:00,0.0
2015-02-13 21:36:00,0.0
2015-02-13 21:36:59,0.0
2015-02-13 21:38:00,0.0
2015-02-13 21:39:00,0.0
2015-02-13 21:40:00,0.0
2015-02-13 21:40:59,0.0
2015-02-13 21:42:00,0.0
2015-02-13 21:42:59,0.0
2015-02-13 21:43:59,0.0
2015-02-13 21:45:00,0.0
2015-02-13 21:46:00,0.0
2015-02-13 21:47:00,0.0
2015-02-13 21:48:00,0.0
2015-02-13 21:49:00,0.0
2015-02-13 21:49:59,0.0
2015-02-13 21:51:00,0.0
2015-02-13 21:52:00,0.0
2015-02-13 21:53:00,0.0
2015-02-13 21:53:59,0.0
2015-02-13 21:55:00,0.0
2015-02-13 21:55:59,0.0
2015-02-13 21:56:59,0.0
2015-02-13 21:58:00,0.0
2015-02-13 21:59:00,0.0
2015-02-13 22:00:00,0.0
2015-02-13 22:01:00,0.0
2015-02-13 22:01:59,0.0
2015-02-13 22:02:59,0.0
2015-02-13 22:04:00,0.0
2015-02-13 22:05:00,0.0
2015-02-13 22:06:00,0.0
2015-02-13 22:07:00,0.0
2015-02-13 22:08:00,0.0
2015-02-13 22:08:59,0.0
2015-02-13 22:09:59,0.0
2015-02-13 22:11:00,0.0
2015-02-13 22:12:00,0.0
2015-02-13 22:13:00,0.0
2015-02-13 22:14:00,0.0
2015-02-13 22:14:59,0.0
2015-02-13 22:15:59,0.0
2015-02-13 22:17:00,0.0
2015-02-13 22:18:00,0.0
2015-02-13 22:19:00,0.0
2015-02-13 22:20:00,0.0
2015-02-13 22:21:00,0.0
2015-02-13 22:21:59,0.0
2015-02-13 22:23:00,0.0
2015-02-13 22:24:00,0.0
2015-02-13 22:25:00,0.0
2015-02-13 22:25:59,0.0
2015-02-13 22:27:00,0.0
2015-02-13 22:27:59,0.0
2015-02-13 22:28:59,0.0
2015-02-13 22:30:00,0.0
2015-02-13 22:31:00,0.0
2015-02-13 22:32:00,0.0
2015-02-13 22:33:00,0.0
2015-02-13 22:34:00,0.0
2015-02-13 22:34:59,0.0
2015-02-13 22:36:00,0.0
2015-02-13 22:37:00,0.0
2015-02-13 22:38:00,0.0
2015-02-13 22:38:59,0.0
2015-02-13 22:40:00,0.0
2015-02-13 22:40:59,0.0
2015-02-13 22:41:59,0.0
2015-02-13 22:43:00,0.0
2015-02-13 22:44:00,0.0
2015-02-13 22:45:00,0.0
2015-02-13 22:46:00,0.0
2015-02-13 22:46:59,0.0
2015-02-13 22:47:59,0.0
2015-02-13 22:49:00,0.0
2015-02-13 22:50:00,0.0
2015-02-13 22:51:00,0.0
2015-02-13 22:52:00,0.0
2015-02-13 22:53:00,0.0
2015-02-13 22:53:59,0.0
2015-02-13 22:54:59,0.0
2015-02-13 22:56:00,0.0
2015-02-13 22:57:00,0.0
2015-02-13 22:58:00,0.0
2015-02-13 22:59:00,0.0
2015-02-13 22:59:59,0.0
2015-02-13 23:00:59,0.0
2015-02-13 23:02:00,0.0
2015-02-13 23:03:00,0.0
2015-02-13 23:04:00,0.0
2015-02-13 23:05:00,0.0
2015-02-13 23:06:00,0.0
2015-02-13 23:06:59,0.0
2015-02-13 23:08:00,0.0
2015-02-13 23:09:00,0.0
2015-02-13 23:10:00,0.0
2015-02-13 23:10:59,0.0
2015-02-13 23:12:00,0.0
2015-02-13 23:12:59,0.0
2015-02-13 23:13:59,0.0
2015-02-13 23:15:00,0.0
2015-02-13 23:16:00,0.0
2015-02-13 23:17:00,0.0
2015-02-13 23:18:00,0.0
2015-02-13 23:19:00,0.0
2015-02-13 23:19:59,0.0
2015-02-13 23:21:00,0.0
2015-02-13 23:22:00,0.0
2015-02-13 23:23:00,0.0
2015-02-13 23:23:59,0.0
2015-02-13 23:25:00,0.0
2015-02-13 23:25:59,0.0
2015-02-13 23:26:59,0.0
2015-02-13 23:28:00,0.0
2015-02-13 23:29:00,0.0
2015-02-13 23:30:00,0.0
2015-02-13 23:31:00,0.0
2015-02-13 23:31:59,0.0
2015-02-13 23:32:59,0.0
2015-02-13 23:34:00,0.0
2015-02-13 23:35:00,0.0
2015-02-13 23:36:00,0.0
2015-02-13 23:37:00,0.0
2015-02-13 23:38:00,0.0
2015-02-13 23:38:59,0.0
2015-02-13 23:39:59,0.0
2015-02-13 23:41:00,0.0
2015-02-13 23:42:00,0.0
2015-02-13 23:43:00,0.0
2015-02-13 23:44:00,0.0
2015-02-13 23:44:59,0.0
2015-02-13 23:45:59,0.0
2015-02-13 23:47:00,0.0
2015-02-13 23:48:00,0.0
2015-02-13 23:49:00,0.0
2015-02-13 23:50:00,0.0
2015-02-13 23:51:00,0.0
2015-02-13 23:51:59,0.0
2015-02-13 23:53:00,0.0
2015-02-13 23:54:00,0.0
2015-02-13 23:55:00,0.0
2015-02-13 23:55:59,0.0
2015-02-13 23:57:00,0.0
2015-02-13 23:57:59,0.0
2015-02-13 23:58:59,0.0
