date,CO2
2015-02-15 00:00:00,0.07597091134148226
2015-02-15 00:01:00,0.07937490329568309
2015-02-15 00:02:00,0.07834339058228873
2015-02-15 00:03:00,0.07937490329568309
2015-02-15 00:04:00,0.0799938109237196
2015-02-15 00:04:59,0.07875599566764657
2015-02-15 00:06:00,0.07380473464335446
2015-02-15 00:07:00,0.07504254989942749
2015-02-15 00:08:00,0.07689927278353703
2015-02-15 00:08:59,0.0799938109237196
2015-02-15 00:10:00,0.0778276342255918
2015-02-15 00:10:59,0.07751818041157355
2015-02-15 00:11:59,0.07922017638867396
2015-02-15 00:13:00,0.07813708803961006
2015-02-15 00:14:00,0.07215431430192354
2015-02-15 00:15:00,0.07535200371344575
2015-02-15 00:16:00,0.07628036515550053
2015-02-15 00:16:59,0.07318582701531795
2015-02-15 00:17:59,0.07349528082933621
2015-02-15 00:19:00,0.0771055753262157
2015-02-15 00:20:00,0.07504254989942749
2015-02-15 00:21:00,0.07504254989942749
2015-02-15 00:22:00,0.07751818041157355
2015-02-15 00:23:00,0.07535200371344575
2015-02-15 00:23:59,0.07689927278353703
2015-02-15 00:24:59,0.07751818041157355
2015-02-15 00:26:00,0.07751818041157355
2015-02-15 00:27:00,0.08154107999381087
2015-02-15 00:28:00,0.0799938109237196
2015-02-15 00:29:00,0.0799938109237196
2015-02-15 00:29:59,0.07813708803961006
2015-02-15 00:30:59,0.07875599566764657
2015-02-15 00:32:00,0.07937490329568309
2015-02-15 00:33:00,0.08246944143586565
2015-02-15 00:34:00,0.07958120583836176
2015-02-15 00:35:00,0.07658981896951877
2015-02-15 00:36:00,0.07937490329568309
2015-02-15 00:36:59,0.07720872659755529
2015-02-15 00:38:00,0.07411418845737272
2015-02-15 00:39:00,0.07689927278353703
2015-02-15 00:40:00,0.0799938109237196
2015-02-15 00:40:59,0.07906544948166483
2015-02-15 00:42:00,0.0799938109237196
2015-02-15 00:42:59,0.07813708803961006
2015-02-15 00:43:59,0.07256691938728144
2015-02-15 00:45:00,0.075661457527464
2015-02-15 00:46:00,0.07720872659755529
2015-02-15 00:47:00,0.07916860075300441
2015-02-15 00:48:00,0.07875599566764657
2015-02-15 00:49:00,0.08154107999381087
2015-02-15 00:49:59,0.08123162617979263
2015-02-15 00:51:00,0.08030326473773786
2015-02-15 00:52:00,0.075661457527464
2015-02-15 00:53:00,0.07875599566764657
2015-02-15 00:53:59,0.07875599566764657
2015-02-15 00:55:00,0.08185053380782914
2015-02-15 00:55:59,0.08081902109443477
2015-02-15 00:56:59,0.0799938109237196
2015-02-15 00:58:00,0.08123162617979263
2015-02-15 00:59:00,0.08123162617979263
2015-02-15 01:00:00,0.0799938109237196
2015-02-15 01:01:00,0.07731187786889487
2015-02-15 01:01:59,0.07875599566764657
2015-02-15 01:02:59,0.08061271855175611
2015-02-15 01:04:00,0.0799938109237196
2015-02-15 01:05:00,0.08164423126515052
2015-02-15 01:06:00,0.07349528082933621
2015-02-15 01:07:00,0.0728763732012997
2015-02-15 01:08:00,0.07751818041157355
2015-02-15 01:08:59,0.07751818041157355
2015-02-15 01:09:59,0.07628036515550053
2015-02-15 01:11:00,0.07844654185362833
2015-02-15 01:12:00,0.07875599566764657
2015-02-15 01:13:00,0.07937490329568309
2015-02-15 01:14:00,0.07813708803961006
2015-02-15 01:14:59,0.07813708803961006
2015-02-15 01:15:59,0.07906544948166483
2015-02-15 01:17:00,0.08463561813399345
2015-02-15 01:18:00,0.08308834906390218
2015-02-15 01:19:00,0.08061271855175611
2015-02-15 01:20:00,0.08030326473773786
2015-02-15 01:21:00,0.07937490329568309
2015-02-15 01:21:59,0.07968435710970134
2015-02-15 01:23:00,0.07875599566764657
2015-02-15 01:24:00,0.07751818041157355
2015-02-15 01:25:00,0.07875599566764657
2015-02-15 01:25:59,0.08123162617979263
2015-02-15 01:27:00,0.08123162617979263
2015-02-15 01:27:59,0.0778276342255918
2015-02-15 01:28:59,0.07504254989942749
2015-02-15 01:30:00,0.0778276342255918
2015-02-15 01:31:00,0.07813708803961006
2015-02-15 01:32:00,0.0799938109237196
2015-02-15 01:33:00,0.08061271855175611
2015-02-15 01:34:00,0.08102532363711397
2015-02-15 01:34:59,0.07607406261282185
2015-02-15 01:36:00,0.07798236113260093
2015-02-15 01:37:00,0.07643509206250965
2015-02-15 01:38:00,0.07628036515550053
2015-02-15 01:38:59,0.07607406261282185
2015-02-15 01:40:00,0.07689927278353703
2015-02-15 01:40:59,0.07720872659755529
2015-02-15 01:41:59,0.07628036515550053
2015-02-15 01:43:00,0.0814379287224713
2015-02-15 01:44:00,0.0821599876218474
2015-02-15 01:45:00,0.08123162617979263
2015-02-15 01:46:00,0.0799938109237196
2015-02-15 01:46:59,0.0799938109237196
2015-02-15 01:47:59,0.07937490329568309
2015-02-15 01:49:00,0.08185053380782914
2015-02-15 01:50:00,0.07844654185362833
2015-02-15 01:51:00,0.07751818041157355
2015-02-15 01:52:00,0.07751818041157355
2015-02-15 01:53:00,0.08020011346639827
2015-02-15 01:53:59,0.08154107999381087
2015-02-15 01:54:59,0.08618288720408472
2015-02-15 01:56:00,0.0843261643199752
2015-02-15 01:57:00,0.08020011346639827
2015-02-15 01:58:00,0.07751818041157355
2015-02-15 01:59:00,0.075661457527464
2015-02-15 01:59:59,0.0778276342255918
2015-02-15 02:00:59,0.07628036515550053
2015-02-15 02:02:00,0.07834339058228873
2015-02-15 02:03:00,0.07875599566764657
2015-02-15 02:04:00,0.07751818041157355
2015-02-15 02:05:00,0.0799938109237196
2015-02-15 02:06:00,0.08288204652122355
2015-02-15 02:06:59,0.08277889524988391
2015-02-15 02:08:00,0.07751818041157355
2015-02-15 02:09:00,0.0771055753262157
2015-02-15 02:10:00,0.07813708803961006
2015-02-15 02:10:59,0.07504254989942749
2015-02-15 02:12:00,0.07834339058228873
2015-02-15 02:12:59,0.08154107999381087
2015-02-15 02:13:59,0.08185053380782914
2015-02-15 02:15:00,0.08154107999381087
2015-02-15 02:16:00,0.08205683635050781
2015-02-15 02:17:00,0.08308834906390218
2015-02-15 02:18:00,0.08123162617979263
2015-02-15 02:19:00,0.0821599876218474
2015-02-15 02:19:59,0.08339780287792042
2015-02-15 02:21:00,0.08102532363711397
2015-02-15 02:22:00,0.08350095414926006
2015-02-15 02:23:00,0.0821599876218474
2015-02-15 02:23:59,0.07793078549693139
2015-02-15 02:25:00,0.08092217236577437
2015-02-15 02:25:59,0.08123162617979263
2015-02-15 02:26:59,0.07958120583836176
2015-02-15 02:28:00,0.0799938109237196
2015-02-15 02:29:00,0.07751818041157355
2015-02-15 02:30:00,0.0799938109237196
2015-02-15 02:31:00,0.08185053380782914
2015-02-15 02:31:59,0.08308834906390218
2015-02-15 02:32:59,0.07968435710970134
2015-02-15 02:34:00,0.08339780287792042
2015-02-15 02:35:00,0.08339780287792042
2015-02-15 02:36:00,0.0799938109237196
2015-02-15 02:37:00,0.07751818041157355
2015-02-15 02:38:00,0.075661457527464
2015-02-15 02:38:59,0.0785496931249679
2015-02-15 02:39:59,0.08453246686265388
2015-02-15 02:41:00,0.0843261643199752
2015-02-15 02:42:00,0.07813708803961006
2015-02-15 02:43:00,0.07813708803961006
2015-02-15 02:44:00,0.08061271855175611
2015-02-15 02:44:59,0.08339780287792042
2015-02-15 02:45:59,0.08226313889318704
2015-02-15 02:47:00,0.07968435710970134
2015-02-15 02:48:00,0.08102532363711397
2015-02-15 02:49:00,0.08308834906390218
2015-02-15 02:50:00,0.08370725669193868
2015-02-15 02:51:00,0.08123162617979263
2015-02-15 02:51:59,0.08401671050595694
2015-02-15 02:53:00,0.08401671050595694
2015-02-15 02:54:00,0.08246944143586565
2015-02-15 02:55:00,0.08061271855175611
2015-02-15 02:55:59,0.08061271855175611
2015-02-15 02:57:00,0.08277889524988391
2015-02-15 02:57:59,0.08308834906390218
2015-02-15 02:58:59,0.08020011346639827
2015-02-15 03:00:00,0.08030326473773786
2015-02-15 03:01:00,0.07968435710970134
2015-02-15 03:02:00,0.08308834906390218
2015-02-15 03:03:00,0.08556397957604822
2015-02-15 03:04:00,0.08226313889318704
2015-02-15 03:04:59,0.08185053380782914
2015-02-15 03:06:00,0.08185053380782914
2015-02-15 03:07:00,0.08339780287792042
2015-02-15 03:08:00,0.08288204652122355
2015-02-15 03:08:59,0.08742070246015776
2015-02-15 03:10:00,0.08494507194801171
2015-02-15 03:10:59,0.08308834906390218
2015-02-15 03:11:59,0.08277889524988391
2015-02-15 03:13:00,0.08061271855175611
2015-02-15 03:14:00,0.08246944143586565
2015-02-15 03:15:00,0.08061271855175611
2015-02-15 03:16:00,0.08061271855175611
2015-02-15 03:16:59,0.08123162617979263
2015-02-15 03:17:59,0.08308834906390218
2015-02-15 03:19:00,0.08803961008819433
2015-02-15 03:20:00,0.08453246686265388
2015-02-15 03:21:00,0.08587343339006648
2015-02-15 03:22:00,0.08577028211872689
2015-02-15 03:23:00,0.08762700500283642
2015-02-15 03:23:59,0.08494507194801171
2015-02-15 03:24:59,0.08329465160658084
2015-02-15 03:26:00,0.08308834906390218
2015-02-15 03:27:00,0.08246944143586565
2015-02-15 03:28:00,0.08540925266903909
2015-02-15 03:29:00,0.08515137449069038
2015-02-15 03:29:59,0.0843261643199752
2015-02-15 03:30:59,0.08525452576202996
2015-02-15 03:32:00,0.08515137449069038
2015-02-15 03:33:00,0.08618288720408472
2015-02-15 03:34:00,0.08556397957604822
2015-02-15 03:35:00,0.08411986177729658
2015-02-15 03:36:00,0.08370725669193868
2015-02-15 03:36:59,0.08308834906390218
2015-02-15 03:38:00,0.08742070246015776
2015-02-15 03:39:00,0.08587343339006648
2015-02-15 03:40:00,0.08463561813399345
2015-02-15 03:40:59,0.08773015627417602
2015-02-15 03:42:00,0.08773015627417602
2015-02-15 03:42:59,0.08494507194801171
2015-02-15 03:43:59,0.08680179483212125
2015-02-15 03:45:00,0.08556397957604822
2015-02-15 03:46:00,0.08587343339006648
2015-02-15 03:47:00,0.08587343339006648
2015-02-15 03:48:00,0.0889679715302491
2015-02-15 03:49:00,0.08824591263087295
2015-02-15 03:49:59,0.08989633297230387
2015-02-15 03:51:00,0.08927742534426736
2015-02-15 03:52:00,0.08680179483212125
2015-02-15 03:53:00,0.08845221517355217
2015-02-15 03:53:59,0.08742070246015776
2015-02-15 03:55:00,0.08649234101810299
2015-02-15 03:55:59,0.08618288720408472
2015-02-15 03:56:59,0.08742070246015776
2015-02-15 03:58:00,0.08742070246015776
2015-02-15 03:59:00,0.08680179483212125
2015-02-15 04:00:00,0.08649234101810299
2015-02-15 04:01:00,0.08742070246015776
2015-02-15 04:01:59,0.08742070246015776
2015-02-15 04:02:59,0.08803961008819433
2015-02-15 04:04:00,0.0905152406003404
2015-02-15 04:05:00,0.08803961008819433
2015-02-15 04:06:00,0.08649234101810299
2015-02-15 04:07:00,0.08742070246015776
2015-02-15 04:08:00,0.08680179483212125
2015-02-15 04:08:59,0.08865851771623083
2015-02-15 04:09:59,0.0905152406003404
2015-02-15 04:11:00,0.08803961008819433
2015-02-15 04:12:00,0.08927742534426736
2015-02-15 04:13:00,0.08721439991747915
2015-02-15 04:14:00,0.08742070246015776
2015-02-15 04:14:59,0.08927742534426736
2015-02-15 04:15:59,0.09082469441435864
2015-02-15 04:17:00,0.0917530558564134
2015-02-15 04:18:00,0.08803961008819433
2015-02-15 04:19:00,0.08618288720408472
2015-02-15 04:20:00,0.08587343339006648
2015-02-15 04:21:00,0.09020578678632213
2015-02-15 04:21:59,0.090051059879313
2015-02-15 04:23:00,0.0911341482283769
2015-02-15 04:24:00,0.09299087111248644
2015-02-15 04:25:00,0.09082469441435864
2015-02-15 04:25:59,0.0917530558564134
2015-02-15 04:27:00,0.09360977874052297
2015-02-15 04:27:59,0.0911341482283769
2015-02-15 04:28:59,0.0889679715302491
2015-02-15 04:30:00,0.09020578678632213
2015-02-15 04:31:00,0.08927742534426736
2015-02-15 04:32:00,0.08783330754551566
2015-02-15 04:33:00,0.08989633297230387
2015-02-15 04:34:00,0.08989633297230387
2015-02-15 04:34:59,0.09020578678632213
2015-02-15 04:36:00,0.08927742534426736
2015-02-15 04:37:00,0.0911341482283769
2015-02-15 04:38:00,0.096085409252669
2015-02-15 04:38:59,0.09422868636855948
2015-02-15 04:40:00,0.09484759399659598
2015-02-15 04:40:59,0.0954665016246325
2015-02-15 04:41:59,0.09526019908195382
2015-02-15 04:43:00,0.09422868636855948
2015-02-15 04:44:00,0.09299087111248644
2015-02-15 04:45:00,0.09360977874052297
2015-02-15 04:46:00,0.09484759399659598
2015-02-15 04:46:59,0.09082469441435864
2015-02-15 04:47:59,0.09484759399659598
2015-02-15 04:49:00,0.09453814018257772
2015-02-15 04:50:00,0.09639486306668726
2015-02-15 04:51:00,0.09360977874052297
2015-02-15 04:52:00,0.0939192325545412
2015-02-15 04:53:00,0.096085409252669
2015-02-15 04:53:59,0.096085409252669
2015-02-15 04:54:59,0.09639486306668726
2015-02-15 04:56:00,0.09763267832276028
2015-02-15 04:57:00,0.096085409252669
2015-02-15 04:58:00,0.0954665016246325
2015-02-15 04:59:00,0.09732322450874203
2015-02-15 04:59:59,0.09732322450874203
2015-02-15 05:00:59,0.09732322450874203
2015-02-15 05:02:00,0.09422868636855948
2015-02-15 05:03:00,0.09360977874052297
2015-02-15 05:04:00,0.09587910670999034
2015-02-15 05:05:00,0.09732322450874203
2015-02-15 05:06:00,0.09237196348444993
2015-02-15 05:06:59,0.09484759399659598
2015-02-15 05:08:00,0.09407395946155034
2015-02-15 05:09:00,0.09701377069472378
2015-02-15 05:10:00,0.09670431688070552
2015-02-15 05:10:59,0.09500232090360512
2015-02-15 05:12:00,0.09422868636855948
2015-02-15 05:12:59,0.09422868636855948
2015-02-15 05:13:59,0.096085409252669
2015-02-15 05:15:00,0.096085409252669
2015-02-15 05:16:00,0.09484759399659598
2015-02-15 05:17:00,0.09237196348444993
2015-02-15 05:18:00,0.09299087111248644
2015-02-15 05:19:00,0.09515704781061424
2015-02-15 05:19:59,0.09711692196606336
2015-02-15 05:21:00,0.09670431688070552
2015-02-15 05:22:00,0.09732322450874203
2015-02-15 05:23:00,0.09515704781061424
2015-02-15 05:23:59,0.09484759399659598
2015-02-15 05:25:00,0.09484759399659598
2015-02-15 05:25:59,0.09515704781061424
2015-02-15 05:26:59,0.09876734230749372
2015-02-15 05:28:00,0.09649801433802684
2015-02-15 05:29:00,0.096085409252669
2015-02-15 05:30:00,0.09422868636855948
2015-02-15 05:31:00,0.0954665016246325
2015-02-15 05:31:59,0.09649801433802684
2015-02-15 05:32:59,0.09670431688070552
2015-02-15 05:34:00,0.09639486306668726
2015-02-15 05:35:00,0.096085409252669
2015-02-15 05:36:00,0.09670431688070552
2015-02-15 05:37:00,0.096085409252669
2015-02-15 05:38:00,0.09701377069472378
2015-02-15 05:38:59,0.09515704781061424
2015-02-15 05:39:59,0.096085409252669
2015-02-15 05:41:00,0.09917994739285158
2015-02-15 05:42:00,0.09639486306668726
2015-02-15 05:43:00,0.09515704781061424
2015-02-15 05:44:00,0.096085409252669
2015-02-15 05:44:59,0.0933003249265047
2015-02-15 05:45:59,0.09206250967043167
2015-02-15 05:47:00,0.09629171179534768
2015-02-15 05:48:00,0.09794213213677856
2015-02-15 05:49:00,0.09794213213677856
2015-02-15 05:50:00,0.09670431688070552
2015-02-15 05:51:00,0.09670431688070552
2015-02-15 05:51:59,0.0969106194233842
2015-02-15 05:53:00,0.096085409252669
2015-02-15 05:54:00,0.09629171179534768
2015-02-15 05:55:00,0.096085409252669
2015-02-15 05:55:59,0.09701377069472378
2015-02-15 05:57:00,0.09897364485017296
2015-02-15 05:57:59,0.09856103976481506
2015-02-15 05:58:59,0.09763267832276028
2015-02-15 06:00:00,0.09577595543865076
2015-02-15 06:01:00,0.09773582959409988
2015-02-15 06:02:00,0.09856103976481506
2015-02-15 06:03:00,0.09763267832276028
2015-02-15 06:04:00,0.10010830883490636
2015-02-15 06:04:59,0.09794213213677856
2015-02-15 06:06:00,0.09876734230749372
2015-02-15 06:07:00,0.09763267832276028
2015-02-15 06:08:00,0.0969106194233842
2015-02-15 06:08:59,0.09856103976481506
2015-02-15 06:10:00,0.09917994739285158
2015-02-15 06:10:59,0.10103667027696113
2015-02-15 06:11:59,0.10165557790499764
2015-02-15 06:13:00,0.0982515859507968
2015-02-15 06:14:00,0.09856103976481506
2015-02-15 06:15:00,0.10010830883490636
2015-02-15 06:16:00,0.1004177626489246
2015-02-15 06:16:59,0.09917994739285158
2015-02-15 06:17:59,0.09948940120686983
2015-02-15 06:19:00,0.09979885502088807
2015-02-15 06:20:00,0.10289339316107066
2015-02-15 06:21:00,0.10413120841714367
2015-02-15 06:22:00,0.10320284697508893
2015-02-15 06:23:00,0.10227448553303414
2015-02-15 06:23:59,0.09794213213677856
2015-02-15 06:24:59,0.09453814018257772
2015-02-15 06:26:00,0.0982515859507968
2015-02-15 06:27:00,0.10289339316107066
2015-02-15 06:28:00,0.10134612409097936
2015-02-15 06:29:00,0.1004177626489246
2015-02-15 06:29:59,0.10227448553303414
2015-02-15 06:30:59,0.09979885502088807
2015-02-15 06:32:00,0.10165557790499764
2015-02-15 06:33:00,0.10165557790499764
2015-02-15 06:34:00,0.10382175460312544
2015-02-15 06:35:00,0.10320284697508893
2015-02-15 06:36:00,0.10382175460312544
2015-02-15 06:36:59,0.10227448553303414
2015-02-15 06:38:00,0.10413120841714367
2015-02-15 06:39:00,0.10227448553303414
2015-02-15 06:40:00,0.10309969570374933
2015-02-15 06:40:59,0.10196503171901587
2015-02-15 06:42:00,0.10382175460312544
2015-02-15 06:42:59,0.10072721646294286
2015-02-15 06:43:59,0.10444066223116194
2015-02-15 06:45:00,0.10320284697508893
2015-02-15 06:46:00,0.10309969570374933
2015-02-15 06:47:00,0.1047501160451802
2015-02-15 06:48:00,0.10134612409097936
2015-02-15 06:49:00,0.10289339316107066
2015-02-15 06:49:59,0.10289339316107066
2015-02-15 06:51:00,0.10289339316107066
2015-02-15 06:52:00,0.10382175460312544
2015-02-15 06:53:00,0.10371860333178584
2015-02-15 06:53:59,0.10351230078910716
2015-02-15 06:55:00,0.10196503171901587
2015-02-15 06:55:59,0.10351230078910716
2015-02-15 06:56:59,0.10382175460312544
2015-02-15 06:58:00,0.10351230078910716
2015-02-15 06:59:00,0.10861828872040846
2015-02-15 07:00:00,0.10413120841714367
2015-02-15 07:01:00,0.10629738511527154
2015-02-15 07:01:59,0.1066068389292898
2015-02-15 07:02:59,0.10567847748723502
2015-02-15 07:04:00,0.10691629274330804
2015-02-15 07:05:00,0.10784465418536282
2015-02-15 07:06:00,0.1066068389292898
2015-02-15 07:07:00,0.10598793130125328
2015-02-15 07:08:00,0.10536902367321672
2015-02-15 07:08:59,0.10103667027696113
2015-02-15 07:09:59,0.10165557790499764
2015-02-15 07:11:00,0.10382175460312544
2015-02-15 07:12:00,0.1087730156274176
2015-02-15 07:13:00,0.10753520037134456
2015-02-15 07:14:00,0.1072257465573263
2015-02-15 07:14:59,0.11052658724018748
2015-02-15 07:15:59,0.10970137706947236
2015-02-15 07:17:00,0.11171282686059104
2015-02-15 07:18:00,0.11001083088349063
2015-02-15 07:19:00,0.10846356181339932
2015-02-15 07:20:00,0.10990767961215098
2015-02-15 07:21:00,0.1109391923255454
2015-02-15 07:21:59,0.1109391923255454
2015-02-15 07:23:00,0.10536902367321672
2015-02-15 07:24:00,0.1066068389292898
2015-02-15 07:25:00,0.10815410799938108
2015-02-15 07:25:59,0.10970137706947236
2015-02-15 07:27:00,0.10567847748723502
2015-02-15 07:27:59,0.10444066223116194
2015-02-15 07:28:59,0.10640053638661112
2015-02-15 07:30:00,0.11124864613956363
2015-02-15 07:31:00,0.1109391923255454
2015-02-15 07:32:00,0.1109391923255454
2015-02-15 07:33:00,0.1093919232554541
2015-02-15 07:34:00,0.10908246944143583
2015-02-15 07:34:59,0.10908246944143583
2015-02-15 07:36:00,0.11001083088349063
2015-02-15 07:37:00,0.11186755376760016
2015-02-15 07:38:00,0.11279591520965493
2015-02-15 07:38:59,0.1115580999535819
2015-02-15 07:40:00,0.10784465418536282
2015-02-15 07:40:59,0.11124864613956363
2015-02-15 07:41:59,0.11279591520965493
2015-02-15 07:43:00,0.11073288978286673
2015-02-15 07:44:00,0.1137242766517097
2015-02-15 07:45:00,0.11619990716385575
2015-02-15 07:46:00,0.11743772241992878
2015-02-15 07:46:59,0.1115580999535819
2015-02-15 07:47:59,0.11186755376760016
2015-02-15 07:49:00,0.1158904533498375
2015-02-15 07:50:00,0.11754087369126842
2015-02-15 07:51:00,0.11836608386198355
2015-02-15 07:52:00,0.11836608386198355
2015-02-15 07:53:00,0.12022280674609308
2015-02-15 07:53:59,0.11836608386198355
2015-02-15 07:54:59,0.11743772241992878
2015-02-15 07:56:00,0.11712826860591052
2015-02-15 07:57:00,0.11527154572180097
2015-02-15 07:58:00,0.11382742792304927
2015-02-15 07:59:00,0.11681881479189228
2015-02-15 07:59:59,0.1180566300479653
2015-02-15 08:00:59,0.11692196606323192
2015-02-15 08:02:00,0.11960389911805658
2015-02-15 08:03:00,0.11836608386198355
2015-02-15 08:04:00,0.11929444530403832
2015-02-15 08:05:00,0.11991335293207485
2015-02-15 08:06:00,0.12022280674609308
2015-02-15 08:06:59,0.12037753365310222
2015-02-15 08:08:00,0.12207952963020265
2015-02-15 08:09:00,0.120635411831451
2015-02-15 08:10:00,0.11681881479189228
2015-02-15 08:10:59,0.11960389911805658
2015-02-15 08:12:00,0.11960389911805658
2015-02-15 08:12:59,0.1186755376760018
2015-02-15 08:13:59,0.11836608386198355
2015-02-15 08:15:00,0.11898499149002005
2015-02-15 08:16:00,0.11991335293207485
2015-02-15 08:17:00,0.12053226056011135
2015-02-15 08:18:00,0.12115116818814785
2015-02-15 08:19:00,0.1186755376760018
2015-02-15 08:19:59,0.11877868894734145
2015-02-15 08:21:00,0.11939759657537795
2015-02-15 08:22:00,0.11960389911805658
2015-02-15 08:23:00,0.12146062200216612
2015-02-15 08:23:59,0.12269843725823915
2015-02-15 08:25:00,0.12022280674609308
2015-02-15 08:25:59,0.12115116818814785
2015-02-15 08:26:59,0.11774717623394705
2015-02-15 08:28:00,0.11795347877662572
2015-02-15 08:29:00,0.1158904533498375
2015-02-15 08:30:00,0.11836608386198355
2015-02-15 08:31:00,0.12393625251431226
2015-02-15 08:31:59,0.12455516014234876
2015-02-15 08:32:59,0.12290473980091783
2015-02-15 08:34:00,0.12238898344422088
2015-02-15 08:35:00,0.12146062200216612
2015-02-15 08:36:00,0.12414255505699084
2015-02-15 08:37:00,0.12285316416524827
2015-02-15 08:38:00,0.12517406777038526
2015-02-15 08:38:59,0.12424570632833047
2015-02-15 08:39:59,0.1208417143741296
2015-02-15 08:41:00,0.12146062200216612
2015-02-15 08:42:00,0.12161534890917525
2015-02-15 08:43:00,0.12115116818814785
2015-02-15 08:44:00,0.12146062200216612
2015-02-15 08:44:59,0.12161534890917525
2015-02-15 08:45:59,0.12099644128113872
2015-02-15 08:47:00,0.1222858321728813
2015-02-15 08:48:00,0.12223425653721175
2015-02-15 08:49:00,0.1212543194594875
2015-02-15 08:50:00,0.12625715611944915
2015-02-15 08:51:00,0.12641188302645828
2015-02-15 08:51:59,0.12579297539842174
2015-02-15 08:53:00,0.12331734488627573
2015-02-15 08:54:00,0.12501934086337613
2015-02-15 08:55:00,0.12207952963020265
2015-02-15 08:55:59,0.12269843725823915
2015-02-15 08:57:00,0.12207952963020265
2015-02-15 08:57:59,0.12238898344422088
2015-02-15 08:58:59,0.12641188302645828
2015-02-15 09:00:00,0.12538037031306387
2015-02-15 09:01:00,0.12672133684047654
2015-02-15 09:02:00,0.12826860591056782
2015-02-15 09:03:00,0.1270307906544948
2015-02-15 09:04:00,0.12904224044561347
2015-02-15 09:04:59,0.12935169425963172
2015-02-15 09:06:00,0.12909381608128295
2015-02-15 09:07:00,0.12470988704935787
2015-02-15 09:08:00,0.12393625251431226
2015-02-15 09:08:59,0.1259477023054309
2015-02-15 09:10:00,0.12470988704935787
2015-02-15 09:10:59,0.12455516014234876
2015-02-15 09:11:59,0.1270307906544948
2015-02-15 09:13:00,0.12177007581618438
2015-02-15 09:14:00,0.12610242921244005
2015-02-15 09:15:00,0.12950642116664085
2015-02-15 09:16:00,0.12795915209654954
2015-02-15 09:16:59,0.1299190262519987
2015-02-15 09:17:59,0.12795915209654954
2015-02-15 09:19:00,0.12734024446851305
2015-02-15 09:20:00,0.13074423642271388
2015-02-15 09:21:00,0.1291969673526226
2015-02-15 09:22:00,0.12888751353860434
2015-02-15 09:23:00,0.12888751353860434
2015-02-15 09:23:59,0.13012532879467734
2015-02-15 09:24:59,0.13337459384186906
2015-02-15 09:26:00,0.13291041312084168
2015-02-15 09:27:00,0.12888751353860434
2015-02-15 09:28:00,0.12826860591056782
2015-02-15 09:29:00,0.1291969673526226
2015-02-15 09:29:59,0.13507658981896947
2015-02-15 09:30:59,0.1324462323998143
2015-02-15 09:32:00,0.13012532879467734
2015-02-15 09:33:00,0.12950642116664085
2015-02-15 09:34:00,0.13095053896539255
2015-02-15 09:35:00,0.13229150549280516
2015-02-15 09:36:00,0.13167259786476865
2015-02-15 09:36:59,0.13507658981896947
2015-02-15 09:38:00,0.13755222033111553
2015-02-15 09:39:00,0.1380164010521429
2015-02-15 09:40:00,0.1406467584712981
2015-02-15 09:40:59,0.1409562122853164
2015-02-15 09:42:00,0.13894476249419768
2015-02-15 09:42:59,0.13920264067254645
2015-02-15 09:43:59,0.13940894321522507
2015-02-15 09:45:00,0.13554077053999686
2015-02-15 09:46:00,0.136933312703079
2015-02-15 09:47:00,0.13507658981896947
2015-02-15 09:48:00,0.1367270101604004
2015-02-15 09:49:00,0.13940894321522507
2015-02-15 09:49:59,0.1431223889834442
2015-02-15 09:51:00,0.1401825777502707
2015-02-15 09:52:00,0.13879003558718855
2015-02-15 09:53:00,0.13940894321522507
2015-02-15 09:53:59,0.1409562122853164
2015-02-15 09:55:00,0.14172984682036205
2015-02-15 09:55:59,0.14002785084326158
2015-02-15 09:56:59,0.14023415338594025
2015-02-15 09:58:00,0.14683583475166329
2015-02-15 09:59:00,0.1474547423796998
2015-02-15 10:00:00,0.14234875444839856
2015-02-15 10:01:00,0.1431223889834442
2015-02-15 10:01:59,0.1425034813554077
2015-02-15 10:02:59,0.14513383877456287
2015-02-15 10:04:00,0.14415390169683856
2015-02-15 10:05:00,0.14157511991335292
2015-02-15 10:06:00,0.14049203156428894
2015-02-15 10:07:00,0.14188457372737118
2015-02-15 10:08:00,0.14415390169683856
2015-02-15 10:08:59,0.1431223889834442
2015-02-15 10:09:59,0.14281293516942595
2015-02-15 10:11:00,0.14415390169683856
2015-02-15 10:12:00,0.14497911186755374
2015-02-15 10:13:00,0.14405075042549895
2015-02-15 10:14:00,0.14111093919232556
2015-02-15 10:14:59,0.14002785084326158
2015-02-15 10:15:59,0.1384805817731703
2015-02-15 10:17:00,0.1446696580535355
2015-02-15 10:18:00,0.1474547423796998
2015-02-15 10:19:00,0.14513383877456287
2015-02-15 10:20:00,0.14188457372737118
2015-02-15 10:21:00,0.14002785084326158
2015-02-15 10:21:59,0.13940894321522507
2015-02-15 10:23:00,0.14002785084326158
2015-02-15 10:24:00,0.14080148537830728
2015-02-15 10:25:00,0.13713961524575768
2015-02-15 10:25:59,0.13879003558718855
2015-02-15 10:27:00,0.14234875444839856
2015-02-15 10:27:59,0.14482438496054462
2015-02-15 10:28:59,0.14157511991335292
2015-02-15 10:30:00,0.13940894321522507
2015-02-15 10:31:00,0.1390994894012068
2015-02-15 10:32:00,0.14219402754138946
2015-02-15 10:33:00,0.14157511991335292
2015-02-15 10:34:00,0.1406467584712981
2015-02-15 10:34:59,0.14033730465727984
2015-02-15 10:36:00,0.13858373304450994
2015-02-15 10:37:00,0.13832585486616114
2015-02-15 10:38:00,0.1367270101604004
2015-02-15 10:38:59,0.13894476249419768
2015-02-15 10:40:00,0.1406467584712981
2015-02-15 10:40:59,0.13863530868017945
2015-02-15 10:41:59,0.1414203930063438
2015-02-15 10:43:00,0.1425034813554077
2015-02-15 10:44:00,0.13925421630821594
2015-02-15 10:45:00,0.1390994894012068
2015-02-15 10:46:00,0.13796482541647342
2015-02-15 10:46:59,0.13796482541647342
2015-02-15 10:47:59,0.136933312703079
2015-02-15 10:49:00,0.1352313167259786
2015-02-15 10:50:00,0.13476713600495122
2015-02-15 10:51:00,0.13492186291196034
2015-02-15 10:52:00,0.13610810253236388
2015-02-15 10:53:00,0.13548919490432734
2015-02-15 10:53:59,0.13832585486616114
2015-02-15 10:54:59,0.13982154830058294
2015-02-15 10:56:00,0.14085306101397674
2015-02-15 10:57:00,0.1390994894012068
2015-02-15 10:58:00,0.13713961524575768
2015-02-15 10:59:00,0.13646913198205166
2015-02-15 10:59:59,0.13786167414513378
2015-02-15 11:00:59,0.13476713600495122
2015-02-15 11:02:00,0.1335293207488782
2015-02-15 11:03:00,0.13404507710557512
2015-02-15 11:04:00,0.13012532879467734
2015-02-15 11:05:00,0.13260095930682342
2015-02-15 11:06:00,0.13600495126102424
2015-02-15 11:06:59,0.13507658981896947
2015-02-15 11:08:00,0.13585022435401511
2015-02-15 11:09:00,0.1373459177884369
2015-02-15 11:10:00,0.1373974934241064
2015-02-15 11:10:59,0.14002785084326158
2015-02-15 11:12:00,0.13321986693485993
2015-02-15 11:12:59,0.13466398473361166
2015-02-15 11:13:59,0.1384805817731703
2015-02-15 11:15:00,0.13724276651709727
2015-02-15 11:16:00,0.1384805817731703
2015-02-15 11:17:00,0.13724276651709727
2015-02-15 11:18:00,0.13321986693485993
2015-02-15 11:19:00,0.13218835422146558
2015-02-15 11:19:59,0.135695497447006
2015-02-15 11:21:00,0.13105369023673213
2015-02-15 11:22:00,0.1334261694775386
2015-02-15 11:23:00,0.13383877456289645
2015-02-15 11:23:59,0.13445768219093296
2015-02-15 11:25:00,0.13167259786476865
2015-02-15 11:25:59,0.13445768219093296
2015-02-15 11:26:59,0.1352313167259786
2015-02-15 11:28:00,0.13610810253236388
2015-02-15 11:29:00,0.13554077053999686
2015-02-15 11:30:00,0.13213677858579606
2015-02-15 11:31:00,0.13229150549280516
2015-02-15 11:31:59,0.13538604363298773
2015-02-15 11:32:59,0.13507658981896947
2015-02-15 11:34:00,0.13404507710557512
2015-02-15 11:35:00,0.13662385888906076
2015-02-15 11:36:00,0.13858373304450994
2015-02-15 11:37:00,0.13894476249419768
2015-02-15 11:38:00,0.13321986693485993
2015-02-15 11:38:59,0.13337459384186906
2015-02-15 11:39:59,0.13538604363298773
2015-02-15 11:41:00,0.1319820516787869
2015-02-15 11:42:00,0.13074423642271388
2015-02-15 11:43:00,0.13229150549280516
2015-02-15 11:44:00,0.1341482283769147
2015-02-15 11:44:59,0.13218835422146558
2015-02-15 11:45:59,0.1319820516787869
2015-02-15 11:47:00,0.135695497447006
2015-02-15 11:48:00,0.1363144050750425
2015-02-15 11:49:00,0.13321986693485993
2015-02-15 11:50:00,0.1319820516787869
2015-02-15 11:51:00,0.13275568621383255
2015-02-15 11:51:59,0.13404507710557512
2015-02-15 11:53:00,0.13445768219093296
2015-02-15 11:54:00,0.13445768219093296
2015-02-15 11:55:00,0.13218835422146558
2015-02-15 11:55:59,0.13099179947392847
2015-02-15 11:57:00,0.13476713600495122
2015-02-15 11:57:59,0.13590179998968466
2015-02-15 11:58:59,0.13492186291196034
2015-02-15 12:00:00,0.13445768219093296
2015-02-15 12:01:00,0.13445768219093296
2015-02-15 12:02:00,0.13492186291196034
2015-02-15 12:03:00,0.1319820516787869
2015-02-15 12:04:00,0.13399350146990555
2015-02-15 12:04:59,0.13600495126102424
2015-02-15 12:06:00,0.13507658981896947
2015-02-15 12:07:00,0.135695497447006
2015-02-15 12:08:00,0.13321986693485993
2015-02-15 12:08:59,0.13445768219093296
2015-02-15 12:10:00,0.13492186291196034
2015-02-15 12:10:59,0.135695497447006
2015-02-15 12:11:59,0.13786167414513378
2015-02-15 12:13:00,0.1373459177884369
2015-02-15 12:14:00,0.13770694723812466
2015-02-15 12:15:00,0.1384805817731703
2015-02-15 12:16:00,0.13940894321522507
2015-02-15 12:16:59,0.13260095930682342
2015-02-15 12:17:59,0.13610810253236388
2015-02-15 12:19:00,0.13879003558718855
2015-02-15 12:20:00,0.14002785084326158
2015-02-15 12:21:00,0.13879003558718855
2015-02-15 12:22:00,0.13600495126102424
2015-02-15 12:23:00,0.13321986693485993
2015-02-15 12:23:59,0.13321986693485993
2015-02-15 12:24:59,0.13662385888906076
2015-02-15 12:26:00,0.1377585228737942
2015-02-15 12:27:00,0.13600495126102424
2015-02-15 12:28:00,0.135695497447006
2015-02-15 12:29:00,0.13466398473361166
2015-02-15 12:29:59,0.13507658981896947
2015-02-15 12:30:59,0.1373974934241064
2015-02-15 12:32:00,0.13879003558718855
2015-02-15 12:33:00,0.13677858579606988
2015-02-15 12:34:00,0.135695497447006
2015-02-15 12:35:00,0.13600495126102424
2015-02-15 12:36:00,0.13610810253236388
2015-02-15 12:36:59,0.13507658981896947
2015-02-15 12:38:00,0.13585022435401511
2015-02-15 12:39:00,0.1373974934241064
2015-02-15 12:40:00,0.1363144050750425
2015-02-15 12:40:59,0.13445768219093296
2015-02-15 12:42:00,0.13260095930682342
2015-02-15 12:42:59,0.13383877456289645
2015-02-15 12:43:59,0.13487028727629086
2015-02-15 12:45:00,0.13430295528392386
2015-02-15 12:46:00,0.13260095930682342
2015-02-15 12:47:00,0.13476713600495122
2015-02-15 12:48:00,0.13430295528392386
2015-02-15 12:49:00,0.13548919490432734
2015-02-15 12:49:59,0.13662385888906076
2015-02-15 12:51:00,0.13662385888906076
2015-02-15 12:52:00,0.1363144050750425
2015-02-15 12:53:00,0.13301356439218126
2015-02-15 12:53:59,0.1363144050750425
2015-02-15 12:55:00,0.13646913198205166
2015-02-15 12:55:59,0.13755222033111553
2015-02-15 12:56:59,0.13610810253236388
2015-02-15 12:58:00,0.1346124090979421
2015-02-15 12:59:00,0.1346124090979421
2015-02-15 13:00:00,0.13786167414513378
2015-02-15 13:01:00,0.13796482541647342
2015-02-15 13:01:59,0.13615967816803334
2015-02-15 13:02:59,0.13879003558718855
2015-02-15 13:04:00,0.1406467584712981
2015-02-15 13:05:00,0.1409562122853164
2015-02-15 13:06:00,0.14172984682036205
2015-02-15 13:07:00,0.14188457372737118
2015-02-15 13:08:00,0.14327711589045333
2015-02-15 13:08:59,0.14126566609933466
2015-02-15 13:09:59,0.14374129661148072
2015-02-15 13:11:00,0.14023415338594025
2015-02-15 13:12:00,0.13817112795915204
2015-02-15 13:13:00,0.13817112795915204
2015-02-15 13:14:00,0.13817112795915204
2015-02-15 13:14:59,0.14296766207643508
2015-02-15 13:15:59,0.14621692712362674
2015-02-15 13:17:00,0.14374129661148072
2015-02-15 13:18:00,0.14172984682036205
2015-02-15 13:19:00,0.14497911186755374
2015-02-15 13:20:00,0.14436020423951726
2015-02-15 13:21:00,0.1431223889834442
2015-02-15 13:21:59,0.1466295322089846
2015-02-15 13:23:00,0.14838310382175454
2015-02-15 13:24:00,0.14188457372737118
2015-02-15 13:25:00,0.1425034813554077
2015-02-15 13:25:59,0.1496209190778276
2015-02-15 13:27:00,0.1491567383568002
2015-02-15 13:27:59,0.14900201144979108
2015-02-15 13:28:59,0.15085873433390062
2015-02-15 13:30:00,0.1480736500077363
2015-02-15 13:31:00,0.15225127649698278
2015-02-15 13:32:00,0.15101346124090975
2015-02-15 13:33:00,0.14993037289184585
2015-02-15 13:34:00,0.14838310382175454
2015-02-15 13:34:59,0.1502398267058641
2015-02-15 13:36:00,0.15054928051988234
2015-02-15 13:37:00,0.15271545721801014
2015-02-15 13:38:00,0.1509618856052402
2015-02-15 13:38:59,0.15101346124090975
2015-02-15 13:40:00,0.1517870957759554
2015-02-15 13:40:59,0.15271545721801014
2015-02-15 13:41:59,0.1528701841250193
2015-02-15 13:43:00,0.15271545721801014
2015-02-15 13:44:00,0.1539532724740832
2015-02-15 13:45:00,0.15426272628810145
2015-02-15 13:46:00,0.15302491103202842
2015-02-15 13:46:59,0.14931146526380934
2015-02-15 13:47:59,0.14993037289184585
2015-02-15 13:49:00,0.15209654958997365
2015-02-15 13:50:00,0.1521997008613133
2015-02-15 13:51:00,0.15101346124090975
2015-02-15 13:52:00,0.15364381866006493
2015-02-15 13:53:00,0.15488163391613796
2015-02-15 13:53:59,0.15410799938109232
2015-02-15 13:54:59,0.15054928051988234
2015-02-15 13:56:00,0.1502398267058641
2015-02-15 13:57:00,0.14869255763577285
2015-02-15 13:58:00,0.14946619217081847
2015-02-15 13:59:00,0.15302491103202842
2015-02-15 13:59:59,0.15405642374542286
2015-02-15 14:00:59,0.15467533137345935
2015-02-15 14:02:00,0.1539532724740832
2015-02-15 14:03:00,0.15261230594667058
2015-02-15 14:04:00,0.1517870957759554
2015-02-15 14:05:00,0.15343751611738632
2015-02-15 14:06:00,0.1534890917530558
2015-02-15 14:06:59,0.1545721801021197
2015-02-15 14:08:00,0.15426272628810145
2015-02-15 14:09:00,0.15642890298622925
2015-02-15 14:10:00,0.15529423900149586
2015-02-15 14:10:59,0.15426272628810145
2015-02-15 14:12:00,0.1528186084893498
2015-02-15 14:12:59,0.1539532724740832
2015-02-15 14:13:59,0.15194182268296452
2015-02-15 14:15:00,0.1567383568002475
2015-02-15 14:16:00,0.15735726442828402
2015-02-15 14:17:00,0.15844035277734794
2015-02-15 14:18:00,0.15735726442828402
2015-02-15 14:19:00,0.15942028985507226
2015-02-15 14:19:59,0.15596472226520186
2015-02-15 14:21:00,0.15529423900149586
2015-02-15 14:22:00,0.156119449172211
2015-02-15 14:23:00,0.15797617205632053
2015-02-15 14:23:59,0.15689308370725666
2015-02-15 14:25:00,0.16230852545257618
2015-02-15 14:25:59,0.16416524833668572
2015-02-15 14:26:59,0.1672597864768683
2015-02-15 14:28:00,0.16571251740677698
2015-02-15 14:29:00,0.16952911444633573
2015-02-15 14:30:00,0.1728299551291969
2015-02-15 14:31:00,0.17200474495848178
2015-02-15 14:31:59,0.1667956057558409
2015-02-15 14:32:59,0.16756924029088655
2015-02-15 14:34:00,0.17035432461705086
2015-02-15 14:35:00,0.16695033266285006
2015-02-15 14:36:00,0.16339161380164008
2015-02-15 14:37:00,0.15942028985507226
2015-02-15 14:38:00,0.16370106761565836
2015-02-15 14:38:59,0.16168961782453967
2015-02-15 14:39:59,0.1646294290577131
2015-02-15 14:41:00,0.16416524833668572
2015-02-15 14:42:00,0.16168961782453967
2015-02-15 14:43:00,0.1658156686781166
2015-02-15 14:44:00,0.1661766981278044
2015-02-15 14:44:59,0.16880705554695954
2015-02-15 14:45:59,0.16865232863995044
2015-02-15 14:47:00,0.16705348393418962
2015-02-15 14:48:00,0.16849760173294132
2015-02-15 14:49:00,0.16942596317499609
2015-02-15 14:50:00,0.1649904585074009
2015-02-15 14:51:00,0.16431997524369485
2015-02-15 14:51:59,0.1635463407086492
2015-02-15 14:53:00,0.15519108773015622
2015-02-15 14:54:00,0.15550054154417448
2015-02-15 14:55:00,0.15317963793903755
2015-02-15 14:55:59,0.15302491103202842
2015-02-15 14:57:00,0.14668110784465416
2015-02-15 14:57:59,0.14776419619371806
2015-02-15 14:58:59,0.14869255763577285
2015-02-15 15:00:00,0.14559801949559026
2015-02-15 15:01:00,0.1464232296663054
2015-02-15 15:02:00,0.14848625509309415
2015-02-15 15:03:00,0.1485378307287637
2015-02-15 15:04:00,0.15256073031100106
2015-02-15 15:04:59,0.15364381866006493
2015-02-15 15:06:00,0.15104440662231156
2015-02-15 15:07:00,0.15116818814791888
2015-02-15 15:08:00,0.15317963793903755
2015-02-15 15:08:59,0.1503429779772037
2015-02-15 15:10:00,0.1517870957759554
2015-02-15 15:10:59,0.14931146526380934
2015-02-15 15:11:59,0.14931146526380934
2015-02-15 15:13:00,0.1503429779772037
2015-02-15 15:14:00,0.14931146526380934
2015-02-15 15:15:00,0.14760946928670893
2015-02-15 15:16:00,0.1524060034039919
2015-02-15 15:16:59,0.14993037289184585
2015-02-15 15:17:59,0.1524060034039919
2015-02-15 15:19:00,0.15101346124090975
2015-02-15 15:20:00,0.15116818814791888
2015-02-15 15:21:00,0.15054928051988234
2015-02-15 15:22:00,0.1480736500077363
2015-02-15 15:23:00,0.14869255763577285
2015-02-15 15:23:59,0.15209654958997365
2015-02-15 15:24:59,0.15116818814791888
2015-02-15 15:26:00,0.15054928051988234
2015-02-15 15:27:00,0.15317963793903755
2015-02-15 15:28:00,0.15472690700912886
2015-02-15 15:29:00,0.15256073031100106
2015-02-15 15:29:59,0.1539532724740832
2015-02-15 15:30:59,0.1528701841250193
2015-02-15 15:32:00,0.15054928051988234
2015-02-15 15:33:00,0.1524060034039919
2015-02-15 15:34:00,0.1550363608231471
2015-02-15 15:35:00,0.15225127649698278
2015-02-15 15:36:00,0.14931146526380934
2015-02-15 15:36:59,0.15302491103202842
2015-02-15 15:38:00,0.14977564598483672
2015-02-15 15:39:00,0.14652638093764506
2015-02-15 15:40:00,0.15075558306256104
2015-02-15 15:40:59,0.15302491103202842
2015-02-15 15:42:00,0.1545721801021197
2015-02-15 15:42:59,0.15488163391613796
2015-02-15 15:43:59,0.1567383568002475
2015-02-15 15:45:00,0.15488163391613796
2015-02-15 15:46:00,0.15302491103202842
2015-02-15 15:47:00,0.1538501212027436
2015-02-15 15:48:00,0.1592139873123936
2015-02-15 15:49:00,0.15905926040538448
2015-02-15 15:49:59,0.15271545721801014
2015-02-15 15:51:00,0.15333436484604668
2015-02-15 15:52:00,0.15446902883078012
2015-02-15 15:53:00,0.15519108773015622
2015-02-15 15:53:59,0.15488163391613796
2015-02-15 15:55:00,0.15426272628810145
2015-02-15 15:55:59,0.1517870957759554
2015-02-15 15:56:59,0.1539532724740832
2015-02-15 15:58:00,0.15209654958997365
2015-02-15 15:59:00,0.15147764196193714
2015-02-15 16:00:00,0.15488163391613796
2015-02-15 16:01:00,0.15364381866006493
2015-02-15 16:01:59,0.15163236886894627
2015-02-15 16:02:59,0.1539532724740832
2015-02-15 16:04:00,0.15735726442828402
2015-02-15 16:05:00,0.1585950796843571
2015-02-15 16:06:00,0.1545721801021197
2015-02-15 16:07:00,0.151322915054928
2015-02-15 16:08:00,0.15446902883078012
2015-02-15 16:08:59,0.15534581463716535
2015-02-15 16:09:59,0.1556552684511836
2015-02-15 16:11:00,0.1539532724740832
2015-02-15 16:12:00,0.15580999535819273
2015-02-15 16:13:00,0.15694465934292615
2015-02-15 16:14:00,0.1565320542575689
2015-02-15 16:14:59,0.1524060034039919
2015-02-15 16:15:59,0.15472690700912886
2015-02-15 16:17:00,0.15405642374542286
2015-02-15 16:18:00,0.15519108773015622
2015-02-15 16:19:00,0.15534581463716535
2015-02-15 16:20:00,0.15550054154417448
2015-02-15 16:21:00,0.15874980659136625
2015-02-15 16:21:59,0.15828562587033884
2015-02-15 16:23:00,0.15942028985507226
2015-02-15 16:24:00,0.16045180256846664
2015-02-15 16:25:00,0.156119449172211
2015-02-15 16:25:59,0.15426272628810145
2015-02-15 16:27:00,0.16122543710351228
2015-02-15 16:27:59,0.1592139873123936
2015-02-15 16:28:59,0.159678168033421
2015-02-15 16:30:00,0.1585950796843571
2015-02-15 16:31:00,0.15735726442828402
2015-02-15 16:32:00,0.15642890298622925
2015-02-15 16:33:00,0.15844035277734794
2015-02-15 16:34:00,0.1592139873123936
2015-02-15 16:34:59,0.15998762184743925
2015-02-15 16:36:00,0.15441745319511058
2015-02-15 16:37:00,0.15735726442828402
2015-02-15 16:38:00,0.1545721801021197
2015-02-15 16:38:59,0.15838877714167846
2015-02-15 16:40:00,0.1618443447315488
2015-02-15 16:40:59,0.161483315281861
2015-02-15 16:41:59,0.15828562587033884
2015-02-15 16:43:00,0.1575635669709627
2015-02-15 16:44:00,0.16277270617360354
2015-02-15 16:45:00,0.16168961782453967
2015-02-15 16:46:00,0.1592139873123936
2015-02-15 16:46:59,0.15570684408685315
2015-02-15 16:47:59,0.15766671824230227
2015-02-15 16:49:00,0.1613801640105214
2015-02-15 16:50:00,0.1661766981278044
2015-02-15 16:51:00,0.1635463407086492
2015-02-15 16:52:00,0.16045180256846664
2015-02-15 16:53:00,0.16416524833668572
2015-02-15 16:53:59,0.1728299551291969
2015-02-15 16:54:59,0.17159213987312388
2015-02-15 16:56:00,0.16849760173294132
2015-02-15 16:57:00,0.1672597864768683
2015-02-15 16:58:00,0.1678786941049048
2015-02-15 16:59:00,0.16818814791892306
2015-02-15 16:59:59,0.17014802207437224
2015-02-15 17:00:59,0.16880705554695954
2015-02-15 17:02:00,0.16849760173294132
2015-02-15 17:03:00,0.1722110475011604
2015-02-15 17:04:00,0.17205632059415127
2015-02-15 17:05:00,0.17117953478776604
2015-02-15 17:06:00,0.1736551652999121
2015-02-15 17:06:59,0.1728299551291969
2015-02-15 17:08:00,0.1711279591520965
2015-02-15 17:09:00,0.16911650936097786
2015-02-15 17:10:00,0.16880705554695954
2015-02-15 17:10:59,0.16818814791892306
2015-02-15 17:12:00,0.16633142503481352
2015-02-15 17:12:59,0.1689617824539687
2015-02-15 17:13:59,0.16684718139151045
2015-02-15 17:15:00,0.16447470215070398
2015-02-15 17:16:00,0.16746608901954696
2015-02-15 17:17:00,0.16973541698901434
2015-02-15 17:18:00,0.16664087884883175
2015-02-15 17:19:00,0.16560936613543742
2015-02-15 17:19:59,0.16524833668574962
2015-02-15 17:21:00,0.16457785342204356
2015-02-15 17:22:00,0.16168961782453967
2015-02-15 17:23:00,0.16447470215070398
2015-02-15 17:23:59,0.16277270617360354
2015-02-15 17:25:00,0.1650936097787405
2015-02-15 17:25:59,0.16705348393418962
2015-02-15 17:26:59,0.16927123626798696
2015-02-15 17:28:00,0.16849760173294132
2015-02-15 17:29:00,0.15874980659136625
2015-02-15 17:30:00,0.15952344112641187
2015-02-15 17:31:00,0.16261797926659444
2015-02-15 17:31:59,0.16602197122079526
2015-02-15 17:32:59,0.16540306359275875
2015-02-15 17:34:00,0.16684718139151045
2015-02-15 17:35:00,0.1592139873123936
2015-02-15 17:36:00,0.15983289494043013
2015-02-15 17:37:00,0.16107071019650315
2015-02-15 17:38:00,0.1635463407086492
2015-02-15 17:38:59,0.16540306359275875
2015-02-15 17:39:59,0.16602197122079526
2015-02-15 17:41:00,0.16571251740677698
2015-02-15 17:42:00,0.1613801640105214
2015-02-15 17:43:00,0.16107071019650315
2015-02-15 17:44:00,0.16060652947547574
2015-02-15 17:44:59,0.15797617205632053
2015-02-15 17:45:59,0.16215379854556705
2015-02-15 17:47:00,0.15983289494043013
2015-02-15 17:48:00,0.15874980659136625
2015-02-15 17:49:00,0.1583629893238434
2015-02-15 17:50:00,0.15797617205632053
2015-02-15 17:51:00,0.1613801640105214
2015-02-15 17:51:59,0.16261797926659444
2015-02-15 17:53:00,0.1635463407086492
2015-02-15 17:54:00,0.1629274330806127
2015-02-15 17:55:00,0.1629274330806127
2015-02-15 17:55:59,0.1629274330806127
2015-02-15 17:57:00,0.16571251740677698
2015-02-15 17:57:59,0.1649904585074009
2015-02-15 17:58:59,0.16540306359275875
2015-02-15 18:00:00,0.16447470215070398
2015-02-15 18:01:00,0.15952344112641187
2015-02-15 18:02:00,0.15797617205632053
2015-02-15 18:03:00,0.15890453349837536
2015-02-15 18:04:00,0.16168961782453967
2015-02-15 18:04:59,0.1629274330806127
2015-02-15 18:06:00,0.16261797926659444
2015-02-15 18:07:00,0.16168961782453967
2015-02-15 18:08:00,0.16107071019650315
2015-02-15 18:08:59,0.15797617205632053
2015-02-15 18:10:00,0.15766671824230227
2015-02-15 18:10:59,0.16519676105008008
2015-02-15 18:11:59,0.16199907163855792
2015-02-15 18:13:00,0.16014234875444838
2015-02-15 18:14:00,0.1585950796843571
2015-02-15 18:15:00,0.15983289494043013
2015-02-15 18:16:00,0.16478415596472226
2015-02-15 18:16:59,0.1629274330806127
2015-02-15 18:17:59,0.16447470215070398
2015-02-15 18:19:00,0.1658156686781166
2015-02-15 18:20:00,0.16849760173294132
2015-02-15 18:21:00,0.16540306359275875
2015-02-15 18:22:00,0.16045180256846664
2015-02-15 18:23:00,0.15983289494043013
2015-02-15 18:23:59,0.16168961782453967
2015-02-15 18:24:59,0.16261797926659444
2015-02-15 18:26:00,0.16199907163855792
2015-02-15 18:27:00,0.16416524833668572
2015-02-15 18:28:00,0.1635463407086492
2015-02-15 18:29:00,0.15983289494043013
2015-02-15 18:29:59,0.1585950796843571
2015-02-15 18:30:59,0.15704781061426576
2015-02-15 18:32:00,0.161483315281861
2015-02-15 18:33:00,0.16230852545257618
2015-02-15 18:34:00,0.16168961782453967
2015-02-15 18:35:00,0.16230852545257618
2015-02-15 18:36:00,0.16230852545257618
2015-02-15 18:36:59,0.15797617205632053
2015-02-15 18:38:00,0.15116818814791888
2015-02-15 18:39:00,0.14786734746505764
2015-02-15 18:40:00,0.1480736500077363
2015-02-15 18:40:59,0.14869255763577285
2015-02-15 18:42:00,0.14900201144979108
2015-02-15 18:42:59,0.14559801949559026
2015-02-15 18:43:59,0.14497911186755374
2015-02-15 18:45:00,0.14869255763577285
2015-02-15 18:46:00,0.1466295322089846
2015-02-15 18:47:00,0.14436020423951726
2015-02-15 18:48:00,0.14477280932487507
2015-02-15 18:49:00,0.14436020423951726
2015-02-15 18:49:59,0.14621692712362674
2015-02-15 18:51:00,0.1446696580535355
2015-02-15 18:52:00,0.14497911186755374
2015-02-15 18:53:00,0.14714528856568154
2015-02-15 18:53:59,0.14931146526380934
2015-02-15 18:55:00,0.1488988601784515
2015-02-15 18:55:59,0.1474547423796998
2015-02-15 18:56:59,0.15364381866006493
2015-02-15 18:58:00,0.15364381866006493
2015-02-15 18:59:00,0.15642890298622925
2015-02-15 19:00:00,0.15271545721801014
2015-02-15 19:01:00,0.15085873433390062
2015-02-15 19:01:59,0.14281293516942595
2015-02-15 19:02:59,0.14343184279746246
2015-02-15 19:04:00,0.14683583475166329
2015-02-15 19:05:00,0.14869255763577285
2015-02-15 19:06:00,0.14559801949559026
2015-02-15 19:07:00,0.14714528856568154
2015-02-15 19:08:00,0.1488988601784515
2015-02-15 19:08:59,0.1474547423796998
2015-02-15 19:09:59,0.15488163391613796
2015-02-15 19:11:00,0.15405642374542286
2015-02-15 19:12:00,0.15364381866006493
2015-02-15 19:13:00,0.15271545721801014
2015-02-15 19:14:00,0.1539532724740832
2015-02-15 19:14:59,0.15488163391613796
2015-02-15 19:15:59,0.15405642374542286
2015-02-15 19:17:00,0.14869255763577285
2015-02-15 19:18:00,0.14436020423951726
2015-02-15 19:19:00,0.1446696580535355
2015-02-15 19:20:00,0.15116818814791888
2015-02-15 19:21:00,0.15271545721801014
2015-02-15 19:21:59,0.1524060034039919
2015-02-15 19:23:00,0.14993037289184585
2015-02-15 19:24:00,0.1480736500077363
2015-02-15 19:25:00,0.15054928051988234
2015-02-15 19:25:59,0.1524060034039919
2015-02-15 19:27:00,0.15302491103202842
2015-02-15 19:27:59,0.15570684408685315
2015-02-15 19:28:59,0.15550054154417448
2015-02-15 19:30:00,0.15642890298622925
2015-02-15 19:31:00,0.15364381866006493
2015-02-15 19:32:00,0.15364381866006493
2015-02-15 19:33:00,0.15426272628810145
2015-02-15 19:34:00,0.15508793645881666
2015-02-15 19:34:59,0.156119449172211
2015-02-15 19:36:00,0.15828562587033884
2015-02-15 19:37:00,0.15797617205632053
2015-02-15 19:38:00,0.1585950796843571
2015-02-15 19:38:59,0.15797617205632053
2015-02-15 19:40:00,0.15550054154417448
2015-02-15 19:40:59,0.15627417607922012
2015-02-15 19:41:59,0.1517870957759554
2015-02-15 19:43:00,0.15519108773015622
2015-02-15 19:44:00,0.1581824745989992
2015-02-15 19:45:00,0.16045180256846664
2015-02-15 19:46:00,0.16230852545257618
2015-02-15 19:46:59,0.16199907163855792
2015-02-15 19:47:59,0.15983289494043013
2015-02-15 19:49:00,0.1592139873123936
2015-02-15 19:50:00,0.16045180256846664
2015-02-15 19:51:00,0.1592139873123936
2015-02-15 19:52:00,0.16447470215070398
2015-02-15 19:53:00,0.16478415596472226
2015-02-15 19:53:59,0.16261797926659444
2015-02-15 19:54:59,0.1635463407086492
2015-02-15 19:56:00,0.16261797926659444
2015-02-15 19:57:00,0.1629274330806127
2015-02-15 19:58:00,0.161483315281861
2015-02-15 19:59:00,0.16199907163855792
2015-02-15 19:59:59,0.16261797926659444
2015-02-15 20:00:59,0.16261797926659444
2015-02-15 20:02:00,0.1629274330806127
2015-02-15 20:03:00,0.16261797926659444
2015-02-15 20:04:00,0.16602197122079526
2015-02-15 20:05:00,0.16230852545257618
2015-02-15 20:06:00,0.1635463407086492
2015-02-15 20:06:59,0.16416524833668572
2015-02-15 20:08:00,0.16045180256846664
2015-02-15 20:09:00,0.1607612563824849
2015-02-15 20:10:00,0.15983289494043013
2015-02-15 20:10:59,0.16230852545257618
2015-02-15 20:12:00,0.16478415596472226
2015-02-15 20:12:59,0.1613801640105214
2015-02-15 20:13:59,0.1629274330806127
2015-02-15 20:15:00,0.1649904585074009
2015-02-15 20:16:00,0.16829129919026264
2015-02-15 20:17:00,0.16870390427562
2015-02-15 20:18:00,0.16911650936097786
2015-02-15 20:19:00,0.16478415596472226
2015-02-15 20:19:59,0.1635463407086492
2015-02-15 20:21:00,0.1678786941049048
2015-02-15 20:22:00,0.16447470215070398
2015-02-15 20:23:00,0.16540306359275875
2015-02-15 20:23:59,0.16230852545257618
2015-02-15 20:25:00,0.1629274330806127
2015-02-15 20:25:59,0.16664087884883175
2015-02-15 20:26:59,0.1650936097787405
2015-02-15 20:28:00,0.16602197122079526
2015-02-15 20:29:00,0.16746608901954696
2015-02-15 20:30:00,0.1678786941049048
2015-02-15 20:31:00,0.16756924029088655
2015-02-15 20:31:59,0.16540306359275875
2015-02-15 20:32:59,0.16540306359275875
2015-02-15 20:34:00,0.16880705554695954
2015-02-15 20:35:00,0.16664087884883175
2015-02-15 20:36:00,0.17190159368714214
2015-02-15 20:37:00,0.17097323224508734
2015-02-15 20:38:00,0.17159213987312388
2015-02-15 20:38:59,0.1678786941049048
2015-02-15 20:39:59,0.17035432461705086
2015-02-15 20:41:00,0.1722110475011604
2015-02-15 20:42:00,0.1722110475011604
2015-02-15 20:43:00,0.17654340089741605
2015-02-15 20:44:00,0.17375831657125168
2015-02-15 20:44:59,0.17489298055598512
2015-02-15 20:45:59,0.1706637784310691
2015-02-15 20:47:00,0.16880705554695954
2015-02-15 20:48:00,0.16911650936097786
2015-02-15 20:49:00,0.17056062715972953
2015-02-15 20:50:00,0.1728299551291969
2015-02-15 20:51:00,0.1678786941049048
2015-02-15 20:51:59,0.17159213987312388
2015-02-15 20:53:00,0.17200474495848178
2015-02-15 20:54:00,0.1728299551291969
2015-02-15 20:55:00,0.1722110475011604
2015-02-15 20:55:59,0.17530558564134294
2015-02-15 20:57:00,0.17530558564134294
2015-02-15 20:57:59,0.17716230852545256
2015-02-15 20:58:59,0.17674970344009466
2015-02-15 21:00:00,0.1742740729279486
2015-02-15 21:01:00,0.17468667801330645
2015-02-15 21:02:00,0.17530558564134294
2015-02-15 21:03:00,0.1728299551291969
2015-02-15 21:04:00,0.17406777038526994
2015-02-15 21:04:59,0.1732425602145548
2015-02-15 21:06:00,0.17448037547062786
2015-02-15 21:07:00,0.17406777038526994
2015-02-15 21:08:00,0.17778121615348907
2015-02-15 21:08:59,0.17406777038526994
2015-02-15 21:10:00,0.1784001237815256
2015-02-15 21:10:59,0.18087575429367164
2015-02-15 21:11:59,0.18056630047965336
2015-02-15 21:13:00,0.17778121615348907
2015-02-15 21:14:00,0.17778121615348907
2015-02-15 21:15:00,0.1818041157357264
2015-02-15 21:16:00,0.17984424158027726
2015-02-15 21:16:59,0.17592449326937953
2015-02-15 21:17:59,0.1768528547114343
2015-02-15 21:19:00,0.17716230852545256
2015-02-15 21:20:00,0.17778121615348907
2015-02-15 21:21:00,0.17468667801330645
2015-02-15 21:22:00,0.1784001237815256
2015-02-15 21:23:00,0.1768528547114343
2015-02-15 21:23:59,0.17716230852545256
2015-02-15 21:24:59,0.17716230852545256
2015-02-15 21:26:00,0.1790190314095621
2015-02-15 21:27:00,0.17963793903759862
2015-02-15 21:28:00,0.17778121615348907
2015-02-15 21:29:00,0.1784001237815256
2015-02-15 21:29:59,0.18304193099179944
2015-02-15 21:30:59,0.18149466192170816
2015-02-15 21:32:00,0.18304193099179944
2015-02-15 21:33:00,0.18211356954974467
2015-02-15 21:34:00,0.1818041157357264
2015-02-15 21:35:00,0.17809066996750733
2015-02-15 21:36:00,0.18520810768992724
2015-02-15 21:36:59,0.1839702924338542
2015-02-15 21:38:00,0.18087575429367164
2015-02-15 21:39:00,0.18366083861983595
2015-02-15 21:40:00,0.18025684666563516
2015-02-15 21:40:59,0.18304193099179944
2015-02-15 21:42:00,0.18427974624787247
2015-02-15 21:42:59,0.18304193099179944
2015-02-15 21:43:59,0.18242302336376293
2015-02-15 21:45:00,0.18242302336376293
2015-02-15 21:46:00,0.18149466192170816
2015-02-15 21:47:00,0.1833513848058177
2015-02-15 21:48:00,0.1818041157357264
2015-02-15 21:49:00,0.1817009644643868
2015-02-15 21:49:59,0.18582701531796372
2015-02-15 21:51:00,0.18242302336376293
2015-02-15 21:52:00,0.18438289751921205
2015-02-15 21:53:00,0.18500180514724854
2015-02-15 21:53:59,0.1883026458301098
2015-02-15 21:55:00,0.18613646913198198
2015-02-15 21:55:59,0.18582701531796372
2015-02-15 21:56:59,0.18613646913198198
2015-02-15 21:58:00,0.18737428438805506
2015-02-15 21:59:00,0.18582701531796372
2015-02-15 22:00:00,0.18644592294600024
2015-02-15 22:01:00,0.18644592294600024
2015-02-15 22:01:59,0.18923100727216455
2015-02-15 22:02:59,0.1898499149002011
2015-02-15 22:04:00,0.19015936871421932
2015-02-15 22:05:00,0.18737428438805506
2015-02-15 22:06:00,0.1870648305740368
2015-02-15 22:07:00,0.1883026458301098
2015-02-15 22:08:00,0.19015936871421932
2015-02-15 22:08:59,0.19077827634225586
2015-02-15 22:09:59,0.1913971839702924
2015-02-15 22:11:00,0.19077827634225586
2015-02-15 22:12:00,0.18737428438805506
2015-02-15 22:13:00,0.18892155345814632
2015-02-15 22:14:00,0.1887152509154677
2015-02-15 22:14:59,0.1913971839702924
2015-02-15 22:15:59,0.19170663778431066
2015-02-15 22:17:00,0.1920160915983289
2015-02-15 22:18:00,0.1904688225282376
2015-02-15 22:19:00,0.19077827634225586
2015-02-15 22:20:00,0.1913971839702924
2015-02-15 22:21:00,0.19057197379957724
2015-02-15 22:21:59,0.1924286966836868
2015-02-15 22:23:00,0.18727113311671545
2015-02-15 22:24:00,0.18892155345814632
2015-02-15 22:25:00,0.1870648305740368
2015-02-15 22:25:59,0.18520810768992724
2015-02-15 22:27:00,0.18892155345814632
2015-02-15 22:27:59,0.18923100727216455
2015-02-15 22:28:59,0.1897467636288615
2015-02-15 22:30:00,0.1876837382020733
2015-02-15 22:31:00,0.18861209964412806
2015-02-15 22:32:00,0.1951106297385115
2015-02-15 22:33:00,0.1951106297385115
2015-02-15 22:34:00,0.1951106297385115
2015-02-15 22:34:59,0.194491722110475
2015-02-15 22:36:00,0.1920160915983289
2015-02-15 22:37:00,0.1930476043117233
2015-02-15 22:38:00,0.1883026458301098
2015-02-15 22:38:59,0.18582701531796372
2015-02-15 22:40:00,0.18366083861983595
2015-02-15 22:40:59,0.18727113311671545
2015-02-15 22:41:59,0.1887152509154677
2015-02-15 22:43:00,0.1904688225282376
2015-02-15 22:44:00,0.18675537676001847
2015-02-15 22:45:00,0.18737428438805506
2015-02-15 22:46:00,0.1870648305740368
2015-02-15 22:46:59,0.18582701531796372
2015-02-15 22:47:59,0.18582701531796372
2015-02-15 22:49:00,0.18675537676001847
2015-02-15 22:50:00,0.18737428438805506
2015-02-15 22:51:00,0.19284130176904407
2015-02-15 22:52:00,0.1920160915983289
2015-02-15 22:53:00,0.19098457888493453
2015-02-15 22:53:59,0.19077827634225586
2015-02-15 22:54:59,0.19077827634225586
2015-02-15 22:56:00,0.18861209964412806
2015-02-15 22:57:00,0.1883026458301098
2015-02-15 22:58:00,0.1932539068544019
2015-02-15 22:59:00,0.19294445304038368
2015-02-15 22:59:59,0.19480117592449325
2015-02-15 23:00:59,0.1951106297385115
2015-02-15 23:02:00,0.19913352932074885
2015-02-15 23:03:00,0.194491722110475
2015-02-15 23:04:00,0.19655474753726315
2015-02-15 23:05:00,0.1966578988086028
2015-02-15 23:06:00,0.1946980246531536
2015-02-15 23:06:59,0.19356336066842025
2015-02-15 23:08:00,0.19696735262262105
2015-02-15 23:09:00,0.19480117592449325
2015-02-15 23:10:00,0.1951106297385115
2015-02-15 23:10:59,0.19634844499458454
2015-02-15 23:12:00,0.19696735262262105
2015-02-15 23:12:59,0.19614214245190587
2015-02-15 23:13:59,0.1966578988086028
2015-02-15 23:15:00,0.19696735262262105
2015-02-15 23:16:00,0.19696735262262105
2015-02-15 23:17:00,0.1988240755067306
2015-02-15 23:18:00,0.1984114704213727
2015-02-15 23:19:00,0.19851462169271236
2015-02-15 23:19:59,0.1975862602506576
2015-02-15 23:21:00,0.19696735262262105
2015-02-15 23:22:00,0.1951106297385115
2015-02-15 23:23:00,0.19913352932074885
2015-02-15 23:23:59,0.1972768064366393
2015-02-15 23:25:00,0.1966578988086028
2015-02-15 23:25:59,0.1932539068544019
2015-02-15 23:26:59,0.19232554541234714
2015-02-15 23:28:00,0.19789571406467585
2015-02-15 23:29:00,0.1975862602506576
2015-02-15 23:30:00,0.19077827634225586
2015-02-15 23:31:00,0.19232554541234714
2015-02-15 23:31:59,0.19634844499458454
2015-02-15 23:32:59,0.19480117592449325
2015-02-15 23:34:00,0.19480117592449325
2015-02-15 23:35:00,0.19820516787869408
2015-02-15 23:36:00,0.19603899118056628
2015-02-15 23:37:00,0.19696735262262105
2015-02-15 23:38:00,0.19820516787869408
2015-02-15 23:38:59,0.1984114704213727
2015-02-15 23:39:59,0.19696735262262105
2015-02-15 23:41:00,0.19820516787869408
2015-02-15 23:42:00,0.1966578988086028
2015-02-15 23:43:00,0.19851462169271236
2015-02-15 23:44:00,0.19820516787869408
2015-02-15 23:44:59,0.19820516787869408
2015-02-15 23:45:59,0.195729537366548
2015-02-15 23:47:00,0.194491722110475
2015-02-15 23:48:00,0.19634844499458454
2015-02-15 23:49:00,0.1922223941410076
2015-02-15 23:50:00,0.1920160915983289
2015-02-15 23:51:00,0.19418226829645674
2015-02-15 23:51:59,0.19480117592449325
2015-02-15 23:53:00,0.19603899118056628
2015-02-15 23:54:00,0.19820516787869408
2015-02-15 23:55:00,0.1951106297385115
2015-02-15 23:55:59,0.1966578988086028
2015-02-15 23:57:00,0.20129970601887665
2015-02-15 23:57:59,0.2019186136469132
2015-02-15 23:58:59,0.20129970601887665
